method,feature_dim,distance_metric,normalization,category,num_queries,precision_at_5,precision_at_10,precision_at_20,recall_at_5,recall_at_10,recall_at_20,f1_at_5,f1_at_10,f1_at_20,map,map_gain
HSV,9,cosine,none,africa,100,0.22400000000000003,0.235,0.207,0.011313131313131315,0.023737373737373738,0.04181818181818182,0.02153846153846154,0.043119266055045874,0.06957983193277312,0.2008226665873245,-0.11598312058986371
HSV,9,cosine,none,beach,100,0.14200000000000002,0.163,0.155,0.007171717171717173,0.016464646464646467,0.031313131313131314,0.013653846153846154,0.02990825688073395,0.052100840336134456,0.15848432060525933,-0.0917109125586569
HSV,9,cosine,none,buildings,100,0.15200000000000002,0.135,0.131,0.007676767676767678,0.013636363636363637,0.026464646464646465,0.014615384615384617,0.024770642201834864,0.04403361344537816,0.1170922637378554,-0.03361472932376837
HSV,9,cosine,none,buses,100,0.2,0.20199999999999999,0.19899999999999998,0.010101010101010102,0.020404040404040407,0.0402020202020202,0.019230769230769232,0.03706422018348624,0.066890756302521,0.17900450913522423,-0.08155382376046963
HSV,9,cosine,none,dinosaurs,100,0.24,0.203,0.2045,0.012121212121212121,0.020505050505050505,0.041313131313131315,0.023076923076923078,0.03724770642201835,0.06873949579831934,0.13329106379097433,-0.8519052188942696
HSV,9,cosine,none,elephants,100,0.136,0.12300000000000001,0.12300000000000001,0.0068686868686868695,0.012424242424242424,0.02484848484848485,0.013076923076923076,0.022568807339449545,0.04134453781512606,0.13573109589677354,-0.17185809983430608
HSV,9,cosine,none,flowers,100,0.094,0.105,0.106,0.004747474747474748,0.010606060606060608,0.021414141414141413,0.009038461538461539,0.01926605504587156,0.03563025210084034,0.10795024902559273,-0.3235895949723718
HSV,9,cosine,none,food,100,0.18,0.17400000000000002,0.1775,0.009090909090909092,0.017575757575757578,0.03585858585858586,0.01730769230769231,0.03192660550458716,0.05966386554621849,0.16766390943726445,-0.07348854952420592
HSV,9,cosine,none,horses,100,0.6459999999999999,0.621,0.603,0.03262626262626263,0.06272727272727273,0.12181818181818181,0.062115384615384614,0.11394495412844037,0.2026890756302521,0.44650412448726756,0.022536464206785234
HSV,9,cosine,none,mountains,100,0.332,0.316,0.29650000000000004,0.016767676767676768,0.031919191919191924,0.0598989898989899,0.03192307692307692,0.057981651376146796,0.09966386554621849,0.24950339240599123,0.04728858463225866
HSV,9,cosine,zscore,africa,100,0.542,0.52,0.493,0.027373737373737373,0.052525252525252523,0.0995959595959596,0.05211538461538462,0.09541284403669724,0.16571428571428573,0.3588074400644951,0.042001652887306895
HSV,9,cosine,zscore,beach,100,0.456,0.434,0.397,0.023030303030303033,0.04383838383838384,0.0802020202020202,0.04384615384615385,0.07963302752293579,0.1334453781512605,0.2524808591601716,0.0022856259962553693
HSV,9,cosine,zscore,buildings,100,0.424,0.363,0.307,0.021414141414141413,0.03666666666666667,0.062020202020202024,0.040769230769230766,0.06660550458715597,0.10319327731092437,0.18622062426394298,0.03551363120231921
HSV,9,cosine,zscore,buses,100,0.7120000000000001,0.6809999999999999,0.6375,0.03595959595959596,0.06878787878787879,0.12878787878787878,0.06846153846153846,0.12495412844036696,0.2142857142857143,0.4736087746714063,0.21305044177571242
HSV,9,cosine,zscore,dinosaurs,100,0.958,0.96,0.946,0.04838383838383838,0.09696969696969697,0.19111111111111112,0.09211538461538461,0.1761467889908257,0.31798319327731095,0.8236593408703955,-0.16153694181484846
HSV,9,cosine,zscore,elephants,100,0.534,0.483,0.4265,0.026969696969696973,0.04878787878787879,0.08616161616161616,0.05134615384615385,0.08862385321100918,0.14336134453781513,0.30501239153157694,-0.0025768041995026802
HSV,9,cosine,zscore,flowers,100,0.522,0.45399999999999996,0.39049999999999996,0.026363636363636367,0.045858585858585856,0.0788888888888889,0.05019230769230769,0.08330275229357799,0.13126050420168067,0.2913356874964915,-0.140204156501473
HSV,9,cosine,zscore,food,100,0.546,0.541,0.503,0.027575757575757576,0.054646464646464644,0.10161616161616163,0.0525,0.09926605504587156,0.16907563025210084,0.33332214926558884,0.09216969030411848
HSV,9,cosine,zscore,horses,100,0.902,0.8740000000000001,0.8085,0.04555555555555555,0.08828282828282828,0.16333333333333333,0.08673076923076924,0.16036697247706422,0.27176470588235296,0.6119262005656949,0.18795854028521258
HSV,9,cosine,zscore,mountains,100,0.452,0.408,0.3725,0.02282828282828283,0.041212121212121214,0.07525252525252525,0.04346153846153846,0.07486238532110093,0.12521008403361344,0.27096463262867393,0.06874982485494135
HSV,9,euclidean,none,africa,100,0.338,0.312,0.29100000000000004,0.017070707070707073,0.03151515151515152,0.05878787878787879,0.0325,0.05724770642201835,0.09781512605042017,0.23367743468321617,-0.08312835249397205
HSV,9,euclidean,none,beach,100,0.256,0.248,0.247,0.012929292929292931,0.025050505050505052,0.049898989898989894,0.024615384615384615,0.045504587155963304,0.08302521008403362,0.20303854924325615,-0.04715668392066008
HSV,9,euclidean,none,buildings,100,0.226,0.21,0.191,0.011414141414141415,0.021212121212121217,0.038585858585858585,0.021730769230769234,0.03853211009174312,0.0642016806722689,0.1461742475038647,-0.004532745557759066
HSV,9,euclidean,none,buses,100,0.49200000000000005,0.483,0.4445,0.02484848484848485,0.04878787878787879,0.0897979797979798,0.04730769230769231,0.08862385321100918,0.14941176470588236,0.27227043066378975,0.011712097768095897
HSV,9,euclidean,none,dinosaurs,100,0.494,0.431,0.3395,0.024949494949494954,0.04353535353535354,0.06858585858585858,0.0475,0.07908256880733945,0.11411764705882353,0.17580529072888326,-0.8093909919563607
HSV,9,euclidean,none,elephants,100,0.18600000000000003,0.168,0.163,0.009393939393939394,0.01696969696969697,0.032929292929292926,0.017884615384615384,0.030825688073394503,0.054789915966386556,0.15160675564682616,-0.15598244008425347
HSV,9,euclidean,none,flowers,100,0.35,0.33899999999999997,0.287,0.017676767676767676,0.03424242424242424,0.057979797979797985,0.03365384615384615,0.06220183486238533,0.09647058823529413,0.15690209032693347,-0.27463775367103105
HSV,9,euclidean,none,food,100,0.23199999999999998,0.23199999999999998,0.2115,0.011717171717171716,0.023434343434343433,0.042727272727272725,0.02230769230769231,0.042568807339449545,0.07109243697478992,0.18356535375232574,-0.05758710520914462
HSV,9,euclidean,none,horses,100,0.7020000000000001,0.6759999999999999,0.605,0.035454545454545454,0.06828282828282829,0.12222222222222222,0.0675,0.12403669724770643,0.20336134453781515,0.39205119164331487,-0.03191646863716746
HSV,9,euclidean,none,mountains,100,0.42200000000000004,0.379,0.353,0.021313131313131315,0.03828282828282828,0.07131313131313131,0.04057692307692307,0.06954128440366973,0.11865546218487395,0.2821532603824775,0.07993845260874494
HSV,9,euclidean,zscore,africa,100,0.546,0.542,0.524,0.027575757575757576,0.054747474747474746,0.10585858585858586,0.0525,0.09944954128440367,0.17613445378151263,0.3751966756814353,0.05839088850424706
HSV,9,euclidean,zscore,beach,100,0.47800000000000004,0.475,0.42450000000000004,0.024141414141414144,0.04797979797979798,0.08575757575757575,0.04596153846153847,0.08715596330275228,0.1426890756302521,0.2838196257470855,0.033624392583169294
HSV,9,euclidean,zscore,buildings,100,0.444,0.409,0.36450000000000005,0.022424242424242426,0.041313131313131315,0.07363636363636364,0.04269230769230769,0.07504587155963303,0.12252100840336136,0.2300423548672708,0.07933536180564701
HSV,9,euclidean,zscore,buses,100,0.7140000000000001,0.6890000000000001,0.6515000000000001,0.03606060606060606,0.0695959595959596,0.1316161616161616,0.06865384615384615,0.12642201834862385,0.21899159663865547,0.44955868896348716,0.1890003560677933
HSV,9,euclidean,zscore,dinosaurs,100,0.966,0.9640000000000001,0.9505,0.04878787878787879,0.09737373737373738,0.192020202020202,0.09288461538461538,0.17688073394495415,0.31949579831932773,0.7801312347633546,-0.2050650479218894
HSV,9,euclidean,zscore,elephants,100,0.5680000000000001,0.51,0.47200000000000003,0.02868686868686869,0.051515151515151514,0.09535353535353536,0.054615384615384614,0.09357798165137615,0.15865546218487395,0.36243021942819875,0.05484102369711913
HSV,9,euclidean,zscore,flowers,100,0.502,0.44,0.3635,0.025353535353535354,0.044444444444444446,0.07343434343434344,0.048269230769230766,0.08073394495412843,0.12218487394957983,0.2179895867836941,-0.21355025721427043
HSV,9,euclidean,zscore,food,100,0.564,0.5329999999999999,0.495,0.028484848484848488,0.05383838383838384,0.1,0.054230769230769235,0.09779816513761468,0.16638655462184876,0.30927692286303066,0.0681244639015603
HSV,9,euclidean,zscore,horses,100,0.8859999999999999,0.836,0.7645000000000001,0.04474747474747475,0.08444444444444445,0.15444444444444444,0.08519230769230768,0.15339449541284403,0.2569747899159664,0.5563397257579564,0.1323720654774741
HSV,9,euclidean,zscore,mountains,100,0.45,0.41,0.384,0.022727272727272728,0.04141414141414142,0.07757575757575758,0.04326923076923077,0.07522935779816514,0.12907563025210084,0.2773318158454136,0.07511700807168104
HSV,9,manhattan,none,africa,100,0.35,0.322,0.2985,0.017676767676767676,0.032525252525252527,0.0603030303030303,0.03365384615384615,0.05908256880733945,0.1003361344537815,0.23506807146031897,-0.08173771571686925
HSV,9,manhattan,none,beach,100,0.254,0.24100000000000002,0.2445,0.01282828282828283,0.024343434343434344,0.04939393939393939,0.024423076923076926,0.04422018348623854,0.08218487394957984,0.20295521786757004,-0.047240015296346194
HSV,9,manhattan,none,buildings,100,0.20600000000000002,0.221,0.2005,0.010404040404040405,0.02232323232323232,0.04050505050505051,0.019807692307692307,0.040550458715596344,0.06739495798319328,0.1469831073111367,-0.0037238857504870715
HSV,9,manhattan,none,buses,100,0.5,0.485,0.444,0.025252525252525256,0.048989898989898986,0.0896969696969697,0.04807692307692307,0.08899082568807339,0.1492436974789916,0.2711272348378247,0.010568901942130837
HSV,9,manhattan,none,dinosaurs,100,0.49200000000000005,0.436,0.336,0.02484848484848485,0.04404040404040404,0.06787878787878789,0.04730769230769231,0.08,0.11294117647058824,0.17753589111714796,-0.807660391568096
HSV,9,manhattan,none,elephants,100,0.182,0.17800000000000002,0.16899999999999998,0.009191919191919192,0.01797979797979798,0.034141414141414146,0.0175,0.032660550458715604,0.056806722689075634,0.1511709648981767,-0.15641823083290293
HSV,9,manhattan,none,flowers,100,0.34600000000000003,0.324,0.2785,0.017474747474747476,0.03272727272727273,0.056262626262626264,0.03326923076923077,0.059449541284403676,0.09361344537815126,0.158326844406223,-0.2732129995917415
HSV,9,manhattan,none,food,100,0.23800000000000002,0.225,0.2125,0.012020202020202021,0.022727272727272728,0.042929292929292935,0.02288461538461539,0.04128440366972477,0.07142857142857144,0.18309673848593278,-0.05805572047553759
HSV,9,manhattan,none,horses,100,0.71,0.6859999999999999,0.613,0.03585858585858586,0.0692929292929293,0.12383838383838384,0.06826923076923076,0.1258715596330275,0.20605042016806724,0.38751506190477736,-0.03645259837570497
HSV,9,manhattan,none,mountains,100,0.414,0.384,0.353,0.02090909090909091,0.03878787878787879,0.07131313131313131,0.03980769230769231,0.07045871559633028,0.11865546218487395,0.27739686466755215,0.07518205689381957
HSV,9,manhattan,zscore,africa,100,0.588,0.557,0.524,0.029696969696969697,0.056262626262626264,0.10585858585858586,0.056538461538461544,0.10220183486238532,0.17613445378151263,0.38559186816104485,0.06878608098385663
HSV,9,manhattan,zscore,beach,100,0.48,0.455,0.4115,0.024242424242424242,0.04595959595959596,0.08313131313131313,0.046153846153846156,0.0834862385321101,0.13831932773109246,0.27334651072089744,0.02315127755698121
HSV,9,manhattan,zscore,buildings,100,0.45,0.42200000000000004,0.36200000000000004,0.022727272727272728,0.04262626262626263,0.07313131313131313,0.04326923076923077,0.07743119266055047,0.12168067226890755,0.22786580317766136,0.07715881011603759
HSV,9,manhattan,zscore,buses,100,0.716,0.696,0.6565000000000001,0.036161616161616165,0.0703030303030303,0.13262626262626262,0.06884615384615383,0.12770642201834861,0.22067226890756303,0.4593103447438866,0.19875201184819274
HSV,9,manhattan,zscore,dinosaurs,100,0.97,0.972,0.9570000000000001,0.048989898989898986,0.09818181818181819,0.19333333333333333,0.09326923076923077,0.178348623853211,0.32168067226890756,0.8193469311785517,-0.16584935150669222
HSV,9,manhattan,zscore,elephants,100,0.5780000000000001,0.517,0.47,0.029191919191919196,0.052222222222222225,0.09494949494949495,0.05557692307692307,0.09486238532110092,0.15798319327731092,0.358336982929104,0.05074778719802436
HSV,9,manhattan,zscore,flowers,100,0.518,0.449,0.38299999999999995,0.026161616161616164,0.045353535353535354,0.07737373737373737,0.04980769230769231,0.08238532110091742,0.12873949579831934,0.2315079758099987,-0.2000318681879658
HSV,9,manhattan,zscore,food,100,0.552,0.527,0.486,0.02787878787878788,0.053232323232323235,0.09818181818181819,0.05307692307692308,0.09669724770642203,0.16336134453781512,0.3017846931471199,0.06063223418564956
HSV,9,manhattan,zscore,horses,100,0.87,0.8390000000000001,0.773,0.04393939393939394,0.08474747474747474,0.15616161616161617,0.08365384615384615,0.15394495412844036,0.25983193277310923,0.545199624353585,0.12123196407310272
HSV,9,manhattan,zscore,mountains,100,0.458,0.40299999999999997,0.38,0.02313131313131313,0.04070707070707071,0.07676767676767678,0.04403846153846154,0.07394495412844038,0.1277310924369748,0.26532751260333504,0.06311270482960246
HSV+LAB,18,cosine,none,africa,100,0.546,0.522,0.48,0.027575757575757576,0.05272727272727273,0.09696969696969697,0.0525,0.09577981651376147,0.16134453781512603,0.3517454868909428,0.0349396997137546
HSV+LAB,18,cosine,none,beach,100,0.314,0.305,0.276,0.01585858585858586,0.03080808080808081,0.05575757575757576,0.030192307692307692,0.05596330275229358,0.09277310924369749,0.1953541970055162,-0.054841036158400025
HSV+LAB,18,cosine,none,buildings,100,0.37200000000000005,0.305,0.2605,0.018787878787878787,0.03080808080808081,0.05262626262626263,0.03576923076923077,0.05596330275229358,0.08756302521008404,0.15267941890184214,0.001972425840218367
HSV+LAB,18,cosine,none,buses,100,0.594,0.544,0.4965,0.03,0.05494949494949495,0.10030303030303031,0.057115384615384616,0.0998165137614679,0.166890756302521,0.30470027444917896,0.04414194155348511
HSV+LAB,18,cosine,none,dinosaurs,100,0.9620000000000001,0.941,0.893,0.04858585858585858,0.09505050505050505,0.18040404040404043,0.0925,0.17266055045871562,0.30016806722689077,0.4161872892044315,-0.5690089934808125
HSV+LAB,18,cosine,none,elephants,100,0.546,0.496,0.43,0.027575757575757576,0.050101010101010104,0.08686868686868687,0.0525,0.09100917431192661,0.14453781512605043,0.28029105742472327,-0.027298138306356357
HSV+LAB,18,cosine,none,flowers,100,0.594,0.511,0.40700000000000003,0.03,0.051616161616161615,0.08222222222222221,0.057115384615384616,0.09376146788990825,0.13680672268907562,0.19862926164603703,-0.2329105823519275
HSV+LAB,18,cosine,none,food,100,0.508,0.433,0.377,0.02565656565656566,0.043737373737373735,0.07616161616161615,0.04884615384615385,0.07944954128440368,0.12672268907563025,0.2474916266230457,0.006339167661575329
HSV+LAB,18,cosine,none,horses,100,0.9179999999999999,0.875,0.794,0.046363636363636364,0.0883838383838384,0.1604040404040404,0.08826923076923077,0.16055045871559634,0.266890756302521,0.5392532265971576,0.11528556631667525
HSV+LAB,18,cosine,none,mountains,100,0.43800000000000006,0.455,0.42200000000000004,0.022121212121212125,0.04595959595959596,0.08525252525252526,0.04211538461538462,0.0834862385321101,0.14184873949579832,0.3016101735829673,0.09939536580923475
HSV+LAB,18,cosine,zscore,africa,100,0.604,0.569,0.529,0.030505050505050507,0.05747474747474748,0.10686868686868686,0.058076923076923075,0.10440366972477065,0.17781512605042019,0.3779576508920307,0.06115186371484249
HSV+LAB,18,cosine,zscore,beach,100,0.496,0.45899999999999996,0.42200000000000004,0.025050505050505052,0.046363636363636364,0.08525252525252526,0.047692307692307694,0.08422018348623853,0.14184873949579832,0.28086476086218726,0.030669527698271026
HSV+LAB,18,cosine,zscore,buildings,100,0.604,0.527,0.4495,0.030505050505050507,0.053232323232323235,0.09080808080808081,0.058076923076923075,0.09669724770642202,0.1510924369747899,0.25255661058599044,0.10184961752436666
HSV+LAB,18,cosine,zscore,buses,100,0.742,0.713,0.6629999999999999,0.03747474747474747,0.07202020202020203,0.13393939393939394,0.07134615384615384,0.13082568807339448,0.2228571428571429,0.4800553416393298,0.21949700874363592
HSV+LAB,18,cosine,zscore,dinosaurs,100,0.978,0.971,0.968,0.04939393939393939,0.09808080808080807,0.19555555555555554,0.09403846153846153,0.17816513761467892,0.32537815126050423,0.9287201661220942,-0.05647611656314977
HSV+LAB,18,cosine,zscore,elephants,100,0.6579999999999999,0.588,0.5329999999999999,0.03323232323232324,0.059393939393939395,0.10767676767676768,0.06326923076923077,0.10788990825688075,0.17915966386554621,0.38018263418252085,0.07259343845144123
HSV+LAB,18,cosine,zscore,flowers,100,0.7759999999999999,0.703,0.6255,0.039191919191919194,0.07101010101010101,0.12636363636363637,0.07461538461538461,0.12899082568807338,0.21025210084033613,0.41621838196776795,-0.015321462030196575
HSV+LAB,18,cosine,zscore,food,100,0.6679999999999999,0.619,0.555,0.03373737373737374,0.06252525252525253,0.11212121212121212,0.06423076923076923,0.11357798165137614,0.1865546218487395,0.3813143919015076,0.14016193294003726
HSV+LAB,18,cosine,zscore,horses,100,0.9840000000000001,0.971,0.9605,0.0496969696969697,0.09808080808080807,0.19404040404040404,0.0946153846153846,0.17816513761467892,0.32285714285714284,0.8271296152374701,0.40316195495698776
HSV+LAB,18,cosine,zscore,mountains,100,0.47,0.434,0.4035,0.023737373737373738,0.04383838383838384,0.08151515151515153,0.04519230769230769,0.07963302752293579,0.13563025210084034,0.30589443252249426,0.10367962474876169
HSV+LAB,18,euclidean,none,africa,100,0.522,0.496,0.45049999999999996,0.026363636363636367,0.050101010101010104,0.091010101010101,0.05019230769230769,0.09100917431192661,0.1514285714285714,0.31108579160543004,-0.005719995571758174
HSV+LAB,18,euclidean,none,beach,100,0.35200000000000004,0.34299999999999997,0.321,0.017777777777777778,0.03464646464646465,0.06484848484848485,0.033846153846153845,0.06293577981651376,0.10789915966386555,0.2304952325382587,-0.01970000062565752
HSV+LAB,18,euclidean,none,buildings,100,0.41,0.337,0.3035,0.02070707070707071,0.03404040404040404,0.06131313131313131,0.03942307692307692,0.061834862385321106,0.10201680672268906,0.18591118564914397,0.035204192587520194
HSV+LAB,18,euclidean,none,buses,100,0.604,0.5660000000000001,0.522,0.030505050505050507,0.05717171717171717,0.10545454545454545,0.058076923076923075,0.10385321100917431,0.1754621848739496,0.3144485350725599,0.05389020217686602
HSV+LAB,18,euclidean,none,dinosaurs,100,0.9640000000000001,0.9329999999999999,0.8684999999999999,0.04868686868686869,0.09424242424242424,0.17545454545454547,0.09269230769230768,0.17119266055045873,0.2919327731092437,0.40555468601369404,-0.5796415966715499
HSV+LAB,18,euclidean,none,elephants,100,0.522,0.47700000000000004,0.40850000000000003,0.026363636363636367,0.04818181818181819,0.08252525252525253,0.05019230769230769,0.08752293577981651,0.1373109243697479,0.25836779627978096,-0.049221399451298664
HSV+LAB,18,euclidean,none,flowers,100,0.5820000000000001,0.501,0.4165,0.029393939393939396,0.050606060606060606,0.08414141414141413,0.05596153846153846,0.09192660550458714,0.14,0.1980109952904001,-0.23352884870756443
HSV+LAB,18,euclidean,none,food,100,0.43,0.353,0.31,0.021717171717171718,0.03565656565656566,0.06262626262626263,0.04134615384615385,0.06477064220183487,0.10420168067226891,0.2220657365606863,-0.019086722400784073
HSV+LAB,18,euclidean,none,horses,100,0.884,0.84,0.76,0.04464646464646464,0.08484848484848484,0.15353535353535352,0.085,0.15412844036697249,0.2554621848739496,0.4996944267890971,0.07572676650861476
HSV+LAB,18,euclidean,none,mountains,100,0.44800000000000006,0.436,0.408,0.022626262626262626,0.04404040404040404,0.08242424242424243,0.043076923076923075,0.08,0.13714285714285715,0.3095766165334167,0.10736180875968415
HSV+LAB,18,euclidean,zscore,africa,100,0.65,0.637,0.59,0.03282828282828283,0.06434343434343434,0.11919191919191918,0.0625,0.11688073394495413,0.19831932773109245,0.4424331166383792,0.12562732946119098
HSV+LAB,18,euclidean,zscore,beach,100,0.526,0.46799999999999997,0.43450000000000005,0.026565656565656567,0.04727272727272727,0.08777777777777779,0.050576923076923075,0.08587155963302752,0.1460504201680672,0.3081343769907814,0.05793914382686516
HSV+LAB,18,euclidean,zscore,buildings,100,0.574,0.506,0.434,0.028989898989898993,0.051111111111111114,0.08767676767676769,0.05519230769230769,0.09284403669724771,0.14588235294117646,0.2612127924343739,0.11050579937275012
HSV+LAB,18,euclidean,zscore,buses,100,0.754,0.7,0.6525,0.038080808080808076,0.0707070707070707,0.1318181818181818,0.0725,0.12844036697247707,0.21932773109243697,0.4641477242583571,0.20358939136266324
HSV+LAB,18,euclidean,zscore,dinosaurs,100,0.9840000000000001,0.973,0.968,0.0496969696969697,0.09828282828282829,0.19555555555555554,0.0946153846153846,0.17853211009174313,0.32537815126050423,0.9029063658466621,-0.08228991683858189
HSV+LAB,18,euclidean,zscore,elephants,100,0.6859999999999999,0.626,0.5705,0.03464646464646465,0.06323232323232324,0.11525252525252526,0.06596153846153846,0.11486238532110093,0.19176470588235295,0.42247578801402136,0.11488659228294174
HSV+LAB,18,euclidean,zscore,flowers,100,0.732,0.653,0.555,0.03696969696969697,0.06595959595959595,0.11212121212121212,0.07038461538461538,0.1198165137614679,0.1865546218487395,0.3167558748520176,-0.1147839691459469
HSV+LAB,18,euclidean,zscore,food,100,0.6920000000000001,0.647,0.593,0.03494949494949495,0.06535353535353536,0.11979797979797979,0.06653846153846153,0.11871559633027523,0.19932773109243698,0.3954319626864475,0.15427950372497712
HSV+LAB,18,euclidean,zscore,horses,100,0.972,0.9590000000000001,0.9275,0.049090909090909095,0.09686868686868687,0.18737373737373736,0.09346153846153844,0.1759633027522936,0.31176470588235294,0.745053209450899,0.3210855491704167
HSV+LAB,18,euclidean,zscore,mountains,100,0.468,0.43700000000000006,0.4125,0.023636363636363636,0.04414141414141414,0.08333333333333334,0.045,0.08018348623853211,0.13865546218487396,0.3022241500946949,0.10000934232096231
HSV+LAB,18,manhattan,none,africa,100,0.562,0.532,0.485,0.028383838383838386,0.053737373737373736,0.09797979797979797,0.05403846153846154,0.09761467889908257,0.1630252100840336,0.3478467354790256,0.0310409483018374
HSV+LAB,18,manhattan,none,beach,100,0.384,0.36200000000000004,0.32899999999999996,0.019393939393939394,0.036565656565656565,0.06646464646464646,0.036923076923076927,0.06642201834862385,0.11058823529411764,0.24516676766984155,-0.00502846549407468
HSV+LAB,18,manhattan,none,buildings,100,0.452,0.401,0.36450000000000005,0.02282828282828283,0.0405050505050505,0.07363636363636364,0.04346153846153847,0.07357798165137615,0.12252100840336136,0.21712187381890644,0.06641488075728266
HSV+LAB,18,manhattan,none,buses,100,0.652,0.605,0.5495,0.032929292929292926,0.061111111111111116,0.111010101010101,0.06269230769230769,0.11100917431192661,0.1847058823529412,0.3452361993532862,0.08467786645759234
HSV+LAB,18,manhattan,none,dinosaurs,100,0.9740000000000001,0.9670000000000001,0.9255,0.049191919191919196,0.09767676767676768,0.18696969696969695,0.09365384615384614,0.17743119266055046,0.31109243697478994,0.5449988516285925,-0.44019743105665143
HSV+LAB,18,manhattan,none,elephants,100,0.556,0.499,0.434,0.028080808080808085,0.05040404040404041,0.08767676767676769,0.053461538461538456,0.09155963302752294,0.14588235294117646,0.29213223477277067,-0.015456960958308952
HSV+LAB,18,manhattan,none,flowers,100,0.62,0.56,0.46,0.031313131313131314,0.05656565656565657,0.09292929292929292,0.05961538461538462,0.10275229357798166,0.1546218487394958,0.2343688918025922,-0.1971709521953723
HSV+LAB,18,manhattan,none,food,100,0.48800000000000004,0.423,0.37,0.02464646464646465,0.042727272727272725,0.07474747474747474,0.04692307692307693,0.07761467889908256,0.12436974789915967,0.25989244524675303,0.018739986285282673
HSV+LAB,18,manhattan,none,horses,100,0.924,0.877,0.835,0.04666666666666667,0.08858585858585859,0.1686868686868687,0.08884615384615384,0.16091743119266055,0.280672268907563,0.5814617451227874,0.15749408484230504
HSV+LAB,18,manhattan,none,mountains,100,0.468,0.457,0.4325,0.023636363636363636,0.04616161616161616,0.08737373737373737,0.045,0.08385321100917432,0.1453781512605042,0.3253698282211843,0.12315502044745175
HSV+LAB,18,manhattan,zscore,africa,100,0.68,0.657,0.6114999999999999,0.03434343434343434,0.06636363636363636,0.12353535353535353,0.06538461538461539,0.12055045871559633,0.20554621848739496,0.45195437784647674,0.13514859066928853
HSV+LAB,18,manhattan,zscore,beach,100,0.506,0.475,0.442,0.025555555555555557,0.04797979797979798,0.08929292929292929,0.04865384615384616,0.08715596330275228,0.14857142857142858,0.30099185782048077,0.05079662465656454
HSV+LAB,18,manhattan,zscore,buildings,100,0.57,0.513,0.4525,0.02878787878787879,0.05181818181818182,0.09141414141414142,0.05480769230769231,0.09412844036697247,0.15210084033613447,0.27160766737113634,0.12090067430951257
HSV+LAB,18,manhattan,zscore,buses,100,0.782,0.725,0.6705,0.03949494949494949,0.07323232323232323,0.13545454545454544,0.0751923076923077,0.13302752293577982,0.22537815126050423,0.4748875101236446,0.21432917722795075
HSV+LAB,18,manhattan,zscore,dinosaurs,100,0.986,0.982,0.9784999999999999,0.0497979797979798,0.09919191919191919,0.19767676767676767,0.0948076923076923,0.18018348623853211,0.3289075630252101,0.9334609280738188,-0.0517353546114252
HSV+LAB,18,manhattan,zscore,elephants,100,0.718,0.634,0.5685,0.03626262626262626,0.06404040404040404,0.11484848484848484,0.06903846153846153,0.11633027522935781,0.19109243697478992,0.42201506151064705,0.11442586577956743
HSV+LAB,18,manhattan,zscore,flowers,100,0.76,0.677,0.5770000000000001,0.03838383838383838,0.06838383838383838,0.11656565656565658,0.07307692307692308,0.12422018348623853,0.19394957983193276,0.32584734888633726,-0.10569249511162726
HSV+LAB,18,manhattan,zscore,food,100,0.6940000000000001,0.648,0.5915,0.035050505050505054,0.06545454545454546,0.1194949494949495,0.06673076923076923,0.11889908256880734,0.1988235294117647,0.38470955510875227,0.1435570961472819
HSV+LAB,18,manhattan,zscore,horses,100,0.976,0.9620000000000001,0.922,0.04929292929292929,0.09717171717171716,0.18626262626262627,0.09384615384615383,0.1765137614678899,0.3099159663865546,0.7033590664217435,0.2793914061412612
HSV+LAB,18,manhattan,zscore,mountains,100,0.452,0.426,0.4115,0.02282828282828283,0.04303030303030303,0.08313131313131313,0.04346153846153847,0.0781651376146789,0.13831932773109246,0.2928171211780267,0.09060231340429414
LAB,9,cosine,none,africa,100,0.588,0.5670000000000001,0.521,0.029696969696969697,0.057272727272727274,0.10525252525252526,0.056538461538461544,0.10403669724770642,0.17512605042016807,0.37832511683999565,0.06151932966280743
LAB,9,cosine,none,beach,100,0.336,0.33,0.2985,0.01696969696969697,0.03333333333333333,0.0603030303030303,0.03230769230769231,0.060550458715596334,0.1003361344537815,0.18786639849370032,-0.06232883467021591
LAB,9,cosine,none,buildings,100,0.522,0.433,0.373,0.026363636363636367,0.043737373737373735,0.07535353535353535,0.05019230769230769,0.07944954128440368,0.1253781512605042,0.198276018895033,0.04756902583340922
LAB,9,cosine,none,buses,100,0.6559999999999999,0.581,0.498,0.03313131313131313,0.05868686868686868,0.1006060606060606,0.06307692307692307,0.10660550458715598,0.1673949579831933,0.3050513589126206,0.04449302601692673
LAB,9,cosine,none,dinosaurs,100,0.98,0.982,0.9790000000000001,0.0494949494949495,0.09919191919191919,0.19777777777777777,0.09423076923076922,0.18018348623853211,0.3290756302521009,0.945037681545638,-0.0401586011396059
LAB,9,cosine,none,elephants,100,0.672,0.5920000000000001,0.5205,0.03393939393939394,0.0597979797979798,0.10515151515151516,0.06461538461538462,0.10862385321100917,0.17495798319327732,0.39560728570788745,0.08801808997680782
LAB,9,cosine,none,flowers,100,0.758,0.679,0.57,0.03828282828282828,0.06858585858585858,0.11515151515151516,0.07288461538461538,0.12458715596330276,0.19159663865546217,0.3514823505141074,-0.0800574934838571
LAB,9,cosine,none,food,100,0.648,0.625,0.5605,0.03272727272727273,0.06313131313131314,0.11323232323232324,0.06230769230769231,0.11467889908256881,0.18840336134453783,0.3090591512911843,0.06790669232971391
LAB,9,cosine,none,horses,100,0.982,0.9670000000000001,0.9165000000000001,0.049595959595959596,0.09767676767676768,0.18515151515151515,0.09442307692307692,0.17743119266055046,0.30806722689075633,0.6277352152525268,0.20376755497204452
LAB,9,cosine,none,mountains,100,0.40399999999999997,0.36700000000000005,0.3505,0.020404040404040407,0.037070707070707073,0.07080808080808082,0.03884615384615385,0.0673394495412844,0.11781512605042017,0.22892450311142817,0.0267096953376956
LAB,9,cosine,zscore,africa,100,0.486,0.445,0.4115,0.024545454545454547,0.04494949494949495,0.08313131313131313,0.046730769230769235,0.081651376146789,0.13831932773109246,0.296949669838535,-0.019856117338653223
LAB,9,cosine,zscore,beach,100,0.442,0.401,0.36950000000000005,0.02232323232323232,0.04050505050505051,0.07464646464646464,0.0425,0.07357798165137615,0.12420168067226892,0.2588184073679476,0.008623174204031359
LAB,9,cosine,zscore,buildings,100,0.5379999999999999,0.48700000000000004,0.424,0.02717171717171717,0.049191919191919196,0.08565656565656565,0.05173076923076923,0.08935779816513761,0.14252100840336135,0.24700510673281187,0.0962981136711881
LAB,9,cosine,zscore,buses,100,0.672,0.616,0.5465,0.03393939393939394,0.06222222222222222,0.1104040404040404,0.06461538461538462,0.11302752293577982,0.18369747899159666,0.3546610611238652,0.09410272822817134
LAB,9,cosine,zscore,dinosaurs,100,0.98,0.9740000000000001,0.9655,0.0494949494949495,0.09838383838383839,0.19505050505050506,0.09423076923076922,0.17871559633027523,0.32453781512605046,0.9367212004490508,-0.04847508223619312
LAB,9,cosine,zscore,elephants,100,0.6579999999999999,0.591,0.5305,0.03323232323232324,0.0596969696969697,0.10717171717171718,0.06326923076923077,0.10844036697247705,0.17831932773109244,0.3891887116434715,0.0815995159123919
LAB,9,cosine,zscore,flowers,100,0.784,0.715,0.6509999999999999,0.0395959595959596,0.07222222222222223,0.13151515151515153,0.07538461538461538,0.13119266055045872,0.21882352941176472,0.4286373188291015,-0.002902525168863024
LAB,9,cosine,zscore,food,100,0.6080000000000001,0.564,0.5165,0.03070707070707071,0.056969696969696976,0.10434343434343435,0.05846153846153846,0.10348623853211009,0.17361344537815124,0.34003179972514935,0.09887934076367899
LAB,9,cosine,zscore,horses,100,0.976,0.977,0.9595,0.04929292929292929,0.09868686868686868,0.19383838383838384,0.09384615384615383,0.1792660550458716,0.32252100840336134,0.8600868138612049,0.43611915358072256
LAB,9,cosine,zscore,mountains,100,0.42200000000000004,0.386,0.3515,0.021313131313131315,0.03898989898989899,0.07101010101010101,0.04057692307692307,0.0708256880733945,0.11815126050420169,0.2682031113581092,0.06598830358437663
LAB,9,euclidean,none,africa,100,0.5680000000000001,0.544,0.5115,0.02868686868686869,0.05494949494949495,0.10333333333333333,0.054615384615384614,0.0998165137614679,0.17193277310924368,0.3756279246302997,0.05882213745311149
LAB,9,euclidean,none,beach,100,0.374,0.36700000000000005,0.32799999999999996,0.01888888888888889,0.037070707070707073,0.06626262626262626,0.03596153846153846,0.06733944954128442,0.11025210084033614,0.21895645206475223,-0.031238781099164004
LAB,9,euclidean,none,buildings,100,0.502,0.42700000000000005,0.3715,0.025353535353535354,0.04313131313131313,0.07505050505050505,0.048269230769230766,0.07834862385321101,0.12487394957983193,0.21616179294954244,0.06545479988791866
LAB,9,euclidean,none,buses,100,0.6559999999999999,0.584,0.4925,0.03313131313131313,0.05898989898989899,0.0994949494949495,0.06307692307692307,0.10715596330275229,0.16554621848739498,0.29908942442177433,0.038531091526080474
LAB,9,euclidean,none,dinosaurs,100,0.998,0.9940000000000001,0.9904999999999999,0.05040404040404041,0.1004040404040404,0.2001010101010101,0.09596153846153845,0.18238532110091743,0.33294117647058824,0.9803162013963465,-0.004880081288897498
LAB,9,euclidean,none,elephants,100,0.682,0.611,0.5455,0.034444444444444444,0.06171717171717172,0.1102020202020202,0.06557692307692307,0.11211009174311927,0.18336134453781516,0.4280173598913242,0.1204281641602446
LAB,9,euclidean,none,flowers,100,0.77,0.688,0.6035,0.03888888888888889,0.0694949494949495,0.12191919191919193,0.07403846153846154,0.12623853211009176,0.20285714285714285,0.3630135304650329,-0.06852631353293165
LAB,9,euclidean,none,food,100,0.6559999999999999,0.622,0.548,0.03313131313131313,0.06282828282828283,0.11070707070707071,0.06307692307692307,0.11412844036697248,0.18420168067226894,0.3027407983708243,0.06158833940935393
LAB,9,euclidean,none,horses,100,0.98,0.956,0.902,0.0494949494949495,0.09656565656565656,0.1822222222222222,0.09423076923076922,0.17541284403669724,0.3031932773109244,0.5906232310412626,0.16665557076078025
LAB,9,euclidean,none,mountains,100,0.398,0.361,0.345,0.020101010101010106,0.036464646464646464,0.0696969696969697,0.03826923076923077,0.06623853211009174,0.11596638655462184,0.2425082753930263,0.04029346761929373
LAB,9,euclidean,zscore,africa,100,0.56,0.5429999999999999,0.5155,0.028282828282828285,0.054848484848484855,0.10414141414141413,0.05384615384615385,0.09963302752293579,0.17327731092436974,0.38708496587215463,0.07027917869496642
LAB,9,euclidean,zscore,beach,100,0.466,0.425,0.376,0.023535353535353538,0.042929292929292935,0.07595959595959596,0.044807692307692305,0.0779816513761468,0.12638655462184872,0.27385221162051454,0.02365697845659831
LAB,9,euclidean,zscore,buildings,100,0.498,0.46299999999999997,0.39549999999999996,0.02515151515151515,0.046767676767676764,0.0798989898989899,0.04788461538461539,0.08495412844036697,0.13294117647058823,0.2357392367569024,0.08503224369527862
LAB,9,euclidean,zscore,buses,100,0.654,0.6,0.5265,0.033030303030303035,0.06060606060606061,0.10636363636363637,0.06288461538461539,0.11009174311926605,0.1769747899159664,0.3321444769627008,0.07158614406700692
LAB,9,euclidean,zscore,dinosaurs,100,0.988,0.983,0.9754999999999999,0.049898989898989894,0.0992929292929293,0.19707070707070706,0.095,0.18036697247706424,0.32789915966386557,0.9297263004225705,-0.05546998226267341
LAB,9,euclidean,zscore,elephants,100,0.6920000000000001,0.613,0.56,0.03494949494949495,0.06191919191919192,0.11313131313131314,0.06653846153846153,0.11247706422018348,0.18823529411764706,0.411560273939323,0.10397107820824336
LAB,9,euclidean,zscore,flowers,100,0.7559999999999999,0.6829999999999999,0.613,0.038181818181818185,0.06898989898989899,0.12383838383838384,0.0726923076923077,0.1253211009174312,0.20605042016806724,0.36288779835541135,-0.06865204564255317
LAB,9,euclidean,zscore,food,100,0.652,0.622,0.5605,0.032929292929292926,0.06282828282828283,0.11323232323232324,0.06269230769230769,0.11412844036697248,0.18840336134453783,0.3866039793392513,0.14545152037778092
LAB,9,euclidean,zscore,horses,100,0.972,0.9620000000000001,0.935,0.049090909090909095,0.09717171717171716,0.18888888888888888,0.09346153846153844,0.1765137614678899,0.3142857142857143,0.7723052703926422,0.34833761011215986
LAB,9,euclidean,zscore,mountains,100,0.42,0.373,0.344,0.021212121212121217,0.037676767676767677,0.0694949494949495,0.04038461538461538,0.06844036697247707,0.11563025210084034,0.26089742673378014,0.05868261896004756
LAB,9,manhattan,none,africa,100,0.59,0.55,0.52,0.029797979797979803,0.05555555555555555,0.10505050505050505,0.05673076923076923,0.10091743119266056,0.17478991596638657,0.3851654985295778,0.06835971135238961
LAB,9,manhattan,none,beach,100,0.38800000000000007,0.377,0.34600000000000003,0.019595959595959597,0.038080808080808076,0.06989898989898989,0.037307692307692306,0.06917431192660552,0.11630252100840335,0.23402240466878133,-0.016172828495134906
LAB,9,manhattan,none,buildings,100,0.51,0.45399999999999996,0.39399999999999996,0.025757575757575757,0.045858585858585856,0.0795959595959596,0.049038461538461545,0.08330275229357799,0.13243697478991595,0.237231419076806,0.08652442601518223
LAB,9,manhattan,none,buses,100,0.654,0.589,0.5165,0.033030303030303035,0.059494949494949496,0.10434343434343435,0.06288461538461539,0.10807339449541285,0.1736134453781513,0.3227260975973564,0.06216776470166252
LAB,9,manhattan,none,dinosaurs,100,0.998,0.995,0.993,0.05040404040404041,0.1005050505050505,0.2006060606060606,0.09596153846153845,0.18256880733944952,0.333781512605042,0.9772187195810363,-0.007977563104207608
LAB,9,manhattan,none,elephants,100,0.6679999999999999,0.625,0.569,0.03373737373737374,0.06313131313131314,0.11494949494949495,0.06423076923076923,0.11467889908256881,0.19126050420168067,0.42251287439247603,0.11492367866139641
LAB,9,manhattan,none,flowers,100,0.772,0.6990000000000001,0.6065,0.03898989898989899,0.0706060606060606,0.12252525252525252,0.07423076923076923,0.12825688073394495,0.2038655462184874,0.36170715570329387,-0.06983268829467065
LAB,9,manhattan,none,food,100,0.648,0.619,0.551,0.03272727272727273,0.06252525252525253,0.11131313131313131,0.06230769230769231,0.11357798165137614,0.18521008403361347,0.320830808713767,0.07967834975229665
LAB,9,manhattan,none,horses,100,0.982,0.958,0.914,0.049595959595959596,0.09676767676767677,0.18464646464646464,0.09442307692307692,0.17577981651376148,0.30722689075630255,0.616477436848523,0.19250977656804064
LAB,9,manhattan,none,mountains,100,0.37200000000000005,0.359,0.3505,0.018787878787878787,0.03626262626262626,0.07080808080808082,0.03576923076923077,0.06587155963302753,0.11781512605042017,0.24788061018909013,0.04566580241535756
LAB,9,manhattan,zscore,africa,100,0.584,0.56,0.528,0.029494949494949498,0.05656565656565657,0.10666666666666666,0.05615384615384616,0.10275229357798166,0.17747899159663866,0.3913940406012961,0.07458825342410791
LAB,9,manhattan,zscore,beach,100,0.45399999999999996,0.42200000000000004,0.39,0.022929292929292928,0.04262626262626263,0.0787878787878788,0.04365384615384616,0.07743119266055046,0.13109243697478992,0.2693618681993736,0.019166635035457347
LAB,9,manhattan,zscore,buildings,100,0.54,0.47600000000000003,0.41600000000000004,0.027272727272727275,0.04808080808080808,0.08404040404040405,0.051923076923076926,0.08733944954128442,0.13983193277310924,0.2521772445166826,0.10147025145505884
LAB,9,manhattan,zscore,buses,100,0.662,0.626,0.534,0.033434343434343435,0.06323232323232324,0.10787878787878787,0.06365384615384614,0.11486238532110091,0.17949579831932774,0.3420101827438793,0.08145184984818543
LAB,9,manhattan,zscore,dinosaurs,100,0.99,0.991,0.9875,0.05,0.10010101010101011,0.19949494949494948,0.09519230769230769,0.18183486238532112,0.33193277310924374,0.9448240662755789,-0.04037221640966504
LAB,9,manhattan,zscore,elephants,100,0.682,0.627,0.5725,0.034444444444444444,0.06333333333333334,0.11565656565656565,0.06557692307692307,0.11504587155963303,0.19243697478991595,0.402957040759122,0.09536784502804235
LAB,9,manhattan,zscore,flowers,100,0.778,0.703,0.62,0.039292929292929296,0.07101010101010101,0.12525252525252525,0.07480769230769231,0.1289908256880734,0.20840336134453782,0.3641295672322949,-0.06741027676566963
LAB,9,manhattan,zscore,food,100,0.634,0.612,0.562,0.03202020202020202,0.061818181818181814,0.11353535353535353,0.060961538461538456,0.11229357798165138,0.18890756302521008,0.3797290075828665,0.13857654862139612
LAB,9,manhattan,zscore,horses,100,0.982,0.963,0.9365000000000001,0.049595959595959596,0.09727272727272726,0.18919191919191922,0.09442307692307692,0.176697247706422,0.31478991596638656,0.7241829081598742,0.30021524787939186
LAB,9,manhattan,zscore,mountains,100,0.39399999999999996,0.353,0.35,0.019898989898989902,0.03565656565656566,0.0707070707070707,0.037884615384615385,0.06477064220183487,0.11764705882352942,0.25789642859003314,0.05568162081630057
RGB,9,cosine,none,africa,100,0.5479999999999999,0.532,0.49200000000000005,0.027676767676767678,0.053737373737373736,0.0993939393939394,0.05269230769230769,0.09761467889908257,0.16537815126050423,0.342113184418398,0.025307397241209784
RGB,9,cosine,none,beach,100,0.376,0.348,0.3115,0.01898989898989899,0.03515151515151515,0.06292929292929293,0.036153846153846154,0.06385321100917432,0.10470588235294118,0.213213744107454,-0.03698148905646223
RGB,9,cosine,none,buildings,100,0.316,0.281,0.243,0.015959595959595962,0.028383838383838386,0.049090909090909095,0.03038461538461539,0.05155963302752294,0.08168067226890757,0.14674724457158314,-0.003959748490040632
RGB,9,cosine,none,buses,100,0.468,0.428,0.3715,0.023636363636363636,0.04323232323232323,0.07505050505050505,0.045,0.07853211009174312,0.12487394957983193,0.24835595678783162,-0.012202376107862234
RGB,9,cosine,none,dinosaurs,100,0.9840000000000001,0.9670000000000001,0.9690000000000001,0.0496969696969697,0.09767676767676768,0.19575757575757574,0.0946153846153846,0.17743119266055046,0.3257142857142858,0.9275718199716116,-0.05762446271363231
RGB,9,cosine,none,elephants,100,0.556,0.496,0.42450000000000004,0.028080808080808085,0.050101010101010104,0.08575757575757575,0.053461538461538456,0.09100917431192661,0.1426890756302521,0.2985503399301295,-0.009038855800950096
RGB,9,cosine,none,flowers,100,0.7020000000000001,0.66,0.5975,0.035454545454545454,0.06666666666666667,0.12070707070707071,0.0675,0.12110091743119267,0.2008403361344538,0.40152624219618976,-0.03001360180177476
RGB,9,cosine,none,food,100,0.58,0.528,0.473,0.029292929292929294,0.05333333333333333,0.09555555555555556,0.055769230769230765,0.09688073394495414,0.15899159663865547,0.24879215633878846,0.007639697377318094
RGB,9,cosine,none,horses,100,0.898,0.852,0.7885,0.045353535353535354,0.08606060606060606,0.1592929292929293,0.08634615384615384,0.1563302752293578,0.2650420168067227,0.38275041450063674,-0.04121724577984559
RGB,9,cosine,none,mountains,100,0.35,0.33799999999999997,0.2985,0.017676767676767676,0.034141414141414146,0.0603030303030303,0.03365384615384615,0.06201834862385322,0.1003361344537815,0.20389785262391666,0.0016830448501840845
RGB,9,cosine,zscore,africa,100,0.526,0.47700000000000004,0.42100000000000004,0.026565656565656567,0.04818181818181819,0.08505050505050506,0.050576923076923075,0.08752293577981651,0.1415126050420168,0.28945339746479937,-0.027352389712388847
RGB,9,cosine,zscore,beach,100,0.49800000000000005,0.46299999999999997,0.4025,0.02515151515151515,0.04676767676767677,0.08131313131313131,0.04788461538461539,0.08495412844036698,0.13529411764705881,0.2583931181381709,0.008197884974254666
RGB,9,cosine,zscore,buildings,100,0.28800000000000003,0.27699999999999997,0.2395,0.014545454545454545,0.02797979797979798,0.04838383838383838,0.027692307692307693,0.0508256880733945,0.08050420168067227,0.14565851580080225,-0.005048477260821527
RGB,9,cosine,zscore,buses,100,0.47200000000000003,0.45799999999999996,0.4265,0.02383838383838384,0.04626262626262626,0.08616161616161616,0.045384615384615384,0.08403669724770642,0.14336134453781513,0.3518032508457856,0.09124491795009176
RGB,9,cosine,zscore,dinosaurs,100,0.968,0.965,0.95,0.048888888888888885,0.09747474747474748,0.1919191919191919,0.09307692307692307,0.17706422018348625,0.319327731092437,0.9104512113342641,-0.07474507135097985
RGB,9,cosine,zscore,elephants,100,0.548,0.426,0.3515,0.027676767676767678,0.04303030303030303,0.07101010101010101,0.05269230769230769,0.0781651376146789,0.11815126050420169,0.24225085961330745,-0.06533833611777218
RGB,9,cosine,zscore,flowers,100,0.7759999999999999,0.743,0.672,0.039191919191919194,0.07505050505050505,0.13575757575757577,0.07461538461538461,0.1363302752293578,0.22588235294117648,0.48394733887217406,0.05240749487420954
RGB,9,cosine,zscore,food,100,0.5660000000000001,0.513,0.45799999999999996,0.028585858585858586,0.05181818181818182,0.09252525252525252,0.05442307692307693,0.09412844036697247,0.15394957983193278,0.26642701401416086,0.025274555052690495
RGB,9,cosine,zscore,horses,100,0.914,0.894,0.8395,0.04616161616161616,0.09030303030303029,0.16959595959595958,0.08788461538461538,0.16403669724770645,0.28218487394957986,0.5578125701626483,0.13384490988216596
RGB,9,cosine,zscore,mountains,100,0.35,0.315,0.28350000000000003,0.017676767676767676,0.03181818181818182,0.057272727272727274,0.03365384615384615,0.05779816513761468,0.09529411764705882,0.1813451718841257,-0.020869635889606886
RGB,9,euclidean,none,africa,100,0.502,0.475,0.4415,0.025353535353535354,0.04797979797979798,0.08919191919191918,0.048269230769230766,0.08715596330275228,0.14840336134453783,0.3168057871771882,0.0
RGB,9,euclidean,none,beach,100,0.484,0.426,0.373,0.024444444444444446,0.04303030303030303,0.07535353535353535,0.04653846153846154,0.0781651376146789,0.1253781512605042,0.25019523316391623,0.0
RGB,9,euclidean,none,buildings,100,0.28800000000000003,0.278,0.2395,0.014545454545454545,0.028080808080808085,0.04838383838383838,0.027692307692307693,0.051009174311926614,0.08050420168067227,0.15070699306162377,0.0
RGB,9,euclidean,none,buses,100,0.468,0.434,0.38299999999999995,0.023636363636363636,0.04383838383838384,0.07737373737373737,0.045,0.07963302752293579,0.12873949579831934,0.26055833289569386,0.0
RGB,9,euclidean,none,dinosaurs,100,0.9940000000000001,0.9890000000000001,0.9875,0.0502020202020202,0.09989898989898989,0.19949494949494948,0.09557692307692306,0.1814678899082569,0.33193277310924374,0.985196282685244,0.0
RGB,9,euclidean,none,elephants,100,0.536,0.455,0.40800000000000003,0.02707070707070707,0.04595959595959596,0.08242424242424243,0.05153846153846154,0.0834862385321101,0.13714285714285715,0.3075891957310796,0.0
RGB,9,euclidean,none,flowers,100,0.72,0.67,0.604,0.03636363636363636,0.06767676767676768,0.12202020202020203,0.06923076923076922,0.12293577981651377,0.2030252100840336,0.4315398439979645,0.0
RGB,9,euclidean,none,food,100,0.586,0.528,0.4445,0.0295959595959596,0.05333333333333333,0.0897979797979798,0.056346153846153844,0.09688073394495414,0.14941176470588236,0.24115245896147036,0.0
RGB,9,euclidean,none,horses,100,0.884,0.845,0.7755,0.04464646464646464,0.08535353535353535,0.15666666666666665,0.085,0.15504587155963304,0.260672268907563,0.42396766028048233,0.0
RGB,9,euclidean,none,mountains,100,0.36200000000000004,0.308,0.27449999999999997,0.018282828282828283,0.03111111111111111,0.05545454545454546,0.03480769230769231,0.05651376146788992,0.09226890756302522,0.20221480777373257,0.0
RGB,9,euclidean,zscore,africa,100,0.504,0.48,0.4445,0.025454545454545455,0.048484848484848485,0.0897979797979798,0.04846153846153846,0.08807339449541285,0.14941176470588236,0.32539919105649395,0.008593403879305739
RGB,9,euclidean,zscore,beach,100,0.518,0.45399999999999996,0.4175,0.026161616161616164,0.045858585858585856,0.08434343434343435,0.04980769230769231,0.08330275229357799,0.1403361344537815,0.2854968180676506,0.03530158490373436
RGB,9,euclidean,zscore,buildings,100,0.306,0.263,0.251,0.015454545454545457,0.026565656565656567,0.05070707070707071,0.029423076923076927,0.04825688073394496,0.08436974789915967,0.16860163922215335,0.017894646160529576
RGB,9,euclidean,zscore,buses,100,0.47600000000000003,0.444,0.40950000000000003,0.02404040404040404,0.04484848484848485,0.08272727272727273,0.04576923076923076,0.08146788990825689,0.13764705882352943,0.33525074722903214,0.07469241433333829
RGB,9,euclidean,zscore,dinosaurs,100,0.982,0.978,0.9745,0.049595959595959596,0.09878787878787879,0.19686868686868686,0.09442307692307692,0.17944954128440369,0.32756302521008407,0.9378063387219574,-0.04738994396328655
RGB,9,euclidean,zscore,elephants,100,0.5539999999999999,0.48,0.43200000000000005,0.02797979797979798,0.048484848484848485,0.08727272727272727,0.05326923076923076,0.08807339449541285,0.14521008403361343,0.31678695327251555,0.009197757541435925
RGB,9,euclidean,zscore,flowers,100,0.738,0.69,0.631,0.03727272727272728,0.0696969696969697,0.12747474747474746,0.07096153846153846,0.12660550458715597,0.21210084033613444,0.40795569769939766,-0.023584146298566866
RGB,9,euclidean,zscore,food,100,0.562,0.503,0.4365,0.028383838383838386,0.050808080808080816,0.08818181818181818,0.05403846153846154,0.09229357798165137,0.14672268907563027,0.2526605715685224,0.011508112607052035
RGB,9,euclidean,zscore,horses,100,0.8859999999999999,0.8420000000000001,0.79,0.04474747474747475,0.08505050505050506,0.1595959595959596,0.08519230769230768,0.1544954128440367,0.26554621848739496,0.5122437047336098,0.08827604445312748
RGB,9,euclidean,zscore,mountains,100,0.336,0.297,0.27399999999999997,0.01696969696969697,0.03,0.055353535353535356,0.03230769230769231,0.0544954128440367,0.09210084033613444,0.19774507406728772,-0.004469733706444851
RGB,9,manhattan,none,africa,100,0.522,0.47200000000000003,0.446,0.026363636363636367,0.04767676767676768,0.0901010101010101,0.05019230769230769,0.08660550458715596,0.14991596638655463,0.3104255359783394,-0.00638025119884883
RGB,9,manhattan,none,beach,100,0.47200000000000003,0.424,0.37799999999999995,0.02383838383838384,0.042828282828282827,0.07636363636363637,0.045384615384615384,0.07779816513761469,0.12705882352941178,0.25380407685466577,0.0036088436907495414
RGB,9,manhattan,none,buildings,100,0.29600000000000004,0.281,0.24,0.01494949494949495,0.028383838383838386,0.048484848484848485,0.02846153846153846,0.05155963302752294,0.08067226890756302,0.1557455428298856,0.0050385497682618186
RGB,9,manhattan,none,buses,100,0.456,0.43700000000000006,0.384,0.023030303030303033,0.04414141414141414,0.07757575757575758,0.04384615384615385,0.08018348623853211,0.12907563025210084,0.2807748256749075,0.02021649277921367
RGB,9,manhattan,none,dinosaurs,100,0.99,0.987,0.9865,0.05,0.09969696969696969,0.19929292929292927,0.09519230769230769,0.18110091743119267,0.33159663865546224,0.9804052257377991,-0.0047910569474448605
RGB,9,manhattan,none,elephants,100,0.542,0.47,0.41950000000000004,0.027373737373737373,0.047474747474747475,0.08474747474747474,0.05211538461538462,0.08623853211009175,0.14100840336134454,0.3185640157310432,0.010974819999963581
RGB,9,manhattan,none,flowers,100,0.732,0.672,0.624,0.03696969696969697,0.06787878787878789,0.12606060606060607,0.07038461538461538,0.12330275229357798,0.20974789915966385,0.4449627720602071,0.0134229280622426
RGB,9,manhattan,none,food,100,0.556,0.512,0.43700000000000006,0.02808080808080808,0.051717171717171724,0.08828282828282828,0.053461538461538456,0.09394495412844037,0.14689075630252102,0.2440880648756283,0.0029356059141579516
RGB,9,manhattan,none,horses,100,0.898,0.848,0.7735,0.045353535353535354,0.08565656565656565,0.15626262626262627,0.08634615384615384,0.15559633027522937,0.26,0.42628915742677637,0.002321497146294038
RGB,9,manhattan,none,mountains,100,0.35,0.312,0.27699999999999997,0.017676767676767676,0.03151515151515152,0.05595959595959596,0.03365384615384615,0.05724770642201835,0.093109243697479,0.20049717359077296,-0.0017176341829596153
RGB,9,manhattan,zscore,africa,100,0.52,0.479,0.439,0.026262626262626262,0.04838383838383838,0.08868686868686869,0.05,0.08788990825688074,0.14756302521008405,0.3122316912075581,-0.004574095969630099
RGB,9,manhattan,zscore,beach,100,0.512,0.45,0.40950000000000003,0.025858585858585862,0.045454545454545456,0.08272727272727273,0.04923076923076923,0.08256880733944955,0.13764705882352943,0.2746413006453902,0.024446067481473988
RGB,9,manhattan,zscore,buildings,100,0.316,0.275,0.24600000000000002,0.015959595959595962,0.027777777777777776,0.0496969696969697,0.03038461538461539,0.05045871559633028,0.08268907563025212,0.16615298067737805,0.015445987615754275
RGB,9,manhattan,zscore,buses,100,0.474,0.439,0.413,0.02393939393939394,0.044343434343434344,0.08343434343434344,0.04557692307692308,0.08055045871559634,0.1388235294117647,0.3332107019412367,0.07265236904554284
RGB,9,manhattan,zscore,dinosaurs,100,0.986,0.981,0.98,0.0497979797979798,0.09909090909090908,0.197979797979798,0.0948076923076923,0.18,0.3294117647058824,0.9532621797255695,-0.03193410295967447
RGB,9,manhattan,zscore,elephants,100,0.5579999999999999,0.488,0.4325,0.028181818181818183,0.04929292929292929,0.08737373737373737,0.05365384615384615,0.08954128440366972,0.1453781512605042,0.32029402498146453,0.012704829250384908
RGB,9,manhattan,zscore,flowers,100,0.742,0.6890000000000001,0.6335000000000001,0.03747474747474747,0.0695959595959596,0.12797979797979797,0.07134615384615384,0.12642201834862385,0.21294117647058822,0.43611868040673923,0.004578836408774711
RGB,9,manhattan,zscore,food,100,0.556,0.509,0.4465,0.028080808080808085,0.05141414141414142,0.09020202020202021,0.053461538461538456,0.09339449541284404,0.15008403361344538,0.2482345859391016,0.007082126977631248
RGB,9,manhattan,zscore,horses,100,0.884,0.8340000000000001,0.779,0.04464646464646464,0.08424242424242424,0.15737373737373736,0.085,0.15302752293577981,0.2618487394957983,0.4767902646831816,0.05282260440269926
RGB,9,manhattan,zscore,mountains,100,0.342,0.29100000000000004,0.2675,0.017272727272727273,0.029393939393939396,0.05404040404040404,0.03288461538461538,0.053394495412844044,0.08991596638655462,0.19471163948522982,-0.007503168288502754
RGB+HSV,18,cosine,none,africa,100,0.5780000000000001,0.544,0.503,0.029191919191919193,0.05494949494949495,0.1016161616161616,0.05557692307692307,0.0998165137614679,0.16907563025210084,0.3773875133996367,0.060581726222448506
RGB+HSV,18,cosine,none,beach,100,0.37,0.336,0.295,0.018686868686868686,0.03393939393939394,0.05959595959595959,0.03557692307692308,0.06165137614678899,0.09915966386554623,0.2226275930006761,-0.02756764016324012
RGB+HSV,18,cosine,none,buildings,100,0.354,0.307,0.258,0.01787878787878788,0.031010101010101012,0.05212121212121212,0.034038461538461545,0.0563302752293578,0.08672268907563026,0.15580721752218485,0.005100224460561076
RGB+HSV,18,cosine,none,buses,100,0.616,0.5720000000000001,0.5285,0.03111111111111111,0.057777777777777775,0.10676767676767676,0.05923076923076923,0.10495412844036699,0.1776470588235294,0.3476976078367654,0.08713927494107154
RGB+HSV,18,cosine,none,dinosaurs,100,0.976,0.9670000000000001,0.9605,0.04929292929292929,0.09767676767676768,0.19404040404040404,0.09384615384615383,0.17743119266055046,0.32285714285714284,0.7276695456104424,-0.25752673707480156
RGB+HSV,18,cosine,none,elephants,100,0.48,0.426,0.381,0.024242424242424242,0.04303030303030303,0.07696969696969697,0.046153846153846156,0.0781651376146789,0.1280672268907563,0.30125301608530397,-0.0063361796457756525
RGB+HSV,18,cosine,none,flowers,100,0.716,0.643,0.5395,0.036161616161616165,0.06494949494949495,0.108989898989899,0.06884615384615383,0.1179816513761468,0.18134453781512605,0.2826425417432823,-0.14889730225468223
RGB+HSV,18,cosine,none,food,100,0.5,0.442,0.37799999999999995,0.025252525252525256,0.04464646464646464,0.07636363636363637,0.04807692307692307,0.08110091743119266,0.12705882352941178,0.245077121791897,0.0039246628304266395
RGB+HSV,18,cosine,none,horses,100,0.836,0.7809999999999999,0.696,0.042222222222222223,0.0788888888888889,0.1406060606060606,0.08038461538461539,0.143302752293578,0.2339495798319328,0.38123140100056124,-0.042736259279921085
RGB+HSV,18,cosine,none,mountains,100,0.38800000000000007,0.365,0.33899999999999997,0.019595959595959597,0.03686868686868687,0.06848484848484848,0.037307692307692306,0.06697247706422019,0.11394957983193278,0.2751392103850316,0.07292440261129901
RGB+HSV,18,cosine,zscore,africa,100,0.5820000000000001,0.56,0.522,0.029393939393939396,0.05656565656565657,0.10545454545454545,0.05596153846153846,0.10275229357798166,0.1754621848739496,0.371745819794404,0.054940032617215806
RGB+HSV,18,cosine,zscore,beach,100,0.514,0.45799999999999996,0.42100000000000004,0.02595959595959596,0.04626262626262626,0.08505050505050506,0.049423076923076924,0.08403669724770642,0.1415126050420168,0.2735109627655657,0.02331572960164946
RGB+HSV,18,cosine,zscore,buildings,100,0.462,0.38299999999999995,0.33299999999999996,0.023333333333333334,0.038686868686868686,0.06727272727272728,0.044423076923076926,0.07027522935779816,0.11193277310924371,0.18202136879306735,0.03131437573144358
RGB+HSV,18,cosine,zscore,buses,100,0.772,0.742,0.7070000000000001,0.03898989898989899,0.07494949494949495,0.14282828282828283,0.07423076923076923,0.1361467889908257,0.23764705882352943,0.5548117293946939,0.29425339649900006
RGB+HSV,18,cosine,zscore,dinosaurs,100,0.968,0.966,0.9645,0.04888888888888889,0.09757575757575758,0.19484848484848485,0.09307692307692307,0.17724770642201837,0.32420168067226895,0.9198412661324619,-0.06535501655278209
RGB+HSV,18,cosine,zscore,elephants,100,0.5660000000000001,0.485,0.4105,0.028585858585858586,0.048989898989898986,0.08292929292929292,0.05442307692307693,0.08899082568807341,0.13798319327731093,0.28995203539099684,-0.01763716034008278
RGB+HSV,18,cosine,zscore,flowers,100,0.774,0.716,0.644,0.03909090909090909,0.07232323232323233,0.1301010101010101,0.07442307692307691,0.13137614678899082,0.21647058823529414,0.45425338799122933,0.022713543993264806
RGB+HSV,18,cosine,zscore,food,100,0.666,0.617,0.5670000000000001,0.03363636363636364,0.06232323232323233,0.11454545454545455,0.06403846153846154,0.11321100917431191,0.19058823529411764,0.35422080462661343,0.11306834566514307
RGB+HSV,18,cosine,zscore,horses,100,0.95,0.925,0.88,0.047979797979797977,0.09343434343434343,0.17777777777777778,0.09134615384615383,0.16972477064220182,0.2957983193277311,0.6582317588773975,0.23426409859691516
RGB+HSV,18,cosine,zscore,mountains,100,0.45,0.4,0.3625,0.022727272727272728,0.04040404040404041,0.07323232323232323,0.04326923076923077,0.07339449541284404,0.12184873949579832,0.2445799442276426,0.04236513645391002
RGB+HSV,18,euclidean,none,africa,100,0.5760000000000001,0.546,0.4975,0.02909090909090909,0.05515151515151515,0.1005050505050505,0.055384615384615386,0.1001834862385321,0.16722689075630254,0.3705036590605227,0.05369787188333447
RGB+HSV,18,euclidean,none,beach,100,0.43800000000000006,0.397,0.3475,0.022121212121212125,0.0401010101010101,0.0702020202020202,0.04211538461538462,0.0728440366972477,0.11680672268907562,0.25889301728267117,0.008697784118754937
RGB+HSV,18,euclidean,none,buildings,100,0.376,0.32,0.2785,0.01898989898989899,0.03232323232323232,0.056262626262626264,0.036153846153846154,0.05871559633027523,0.09361344537815126,0.17345383567058942,0.022746842608965645
RGB+HSV,18,euclidean,none,buses,100,0.65,0.602,0.5579999999999999,0.03282828282828283,0.06080808080808081,0.11272727272727273,0.0625,0.11045871559633028,0.18756302521008406,0.35638584522394795,0.0958275123282541
RGB+HSV,18,euclidean,none,dinosaurs,100,0.986,0.988,0.9890000000000001,0.0497979797979798,0.09979797979797979,0.19979797979797978,0.0948076923076923,0.18128440366972476,0.332436974789916,0.8109519077150061,-0.17424437497023781
RGB+HSV,18,euclidean,none,elephants,100,0.5,0.461,0.4215,0.025252525252525256,0.04656565656565657,0.08515151515151516,0.04807692307692307,0.08458715596330275,0.14168067226890757,0.3174003709128079,0.009811175181728304
RGB+HSV,18,euclidean,none,flowers,100,0.7020000000000001,0.637,0.5385,0.035454545454545454,0.06434343434343434,0.1087878787878788,0.0675,0.11688073394495413,0.18100840336134452,0.2868344299948696,-0.14470541400309495
RGB+HSV,18,euclidean,none,food,100,0.498,0.452,0.3835,0.02515151515151515,0.04565656565656566,0.07747474747474747,0.04788461538461539,0.08293577981651376,0.1289075630252101,0.24409287331169147,0.0029404143502211044
RGB+HSV,18,euclidean,none,horses,100,0.85,0.81,0.738,0.042929292929292935,0.08181818181818182,0.14909090909090908,0.08173076923076923,0.14862385321100918,0.2480672268907563,0.4698088404229513,0.04584118014246896
RGB+HSV,18,euclidean,none,mountains,100,0.39799999999999996,0.379,0.3525,0.020101010101010106,0.03828282828282828,0.07121212121212121,0.03826923076923077,0.06954128440366973,0.1184873949579832,0.284499201256939,0.08228439348320643
RGB+HSV,18,euclidean,zscore,africa,100,0.596,0.5720000000000001,0.5479999999999999,0.030101010101010104,0.057777777777777775,0.11070707070707071,0.05730769230769231,0.10495412844036699,0.18420168067226894,0.403526460994109,0.08672067381692078
RGB+HSV,18,euclidean,zscore,beach,100,0.538,0.48700000000000004,0.444,0.02717171717171717,0.049191919191919196,0.0896969696969697,0.05173076923076923,0.08935779816513761,0.1492436974789916,0.30952811104258393,0.0593328778786677
RGB+HSV,18,euclidean,zscore,buildings,100,0.462,0.414,0.35600000000000004,0.023333333333333334,0.04181818181818182,0.07191919191919192,0.044423076923076926,0.07596330275229358,0.1196638655462185,0.21778875768072706,0.06708176461910328
RGB+HSV,18,euclidean,zscore,buses,100,0.752,0.725,0.684,0.03797979797979798,0.07323232323232323,0.13818181818181818,0.07230769230769231,0.13302752293577982,0.22991596638655462,0.5194931596691645,0.2589348267734707
RGB+HSV,18,euclidean,zscore,dinosaurs,100,0.978,0.975,0.97,0.04939393939393939,0.09848484848484848,0.19595959595959594,0.09403846153846153,0.17889908256880735,0.3260504201680673,0.9183328500439372,-0.06686343264130679
RGB+HSV,18,euclidean,zscore,elephants,100,0.6080000000000001,0.541,0.488,0.03070707070707071,0.054646464646464644,0.09858585858585858,0.05846153846153846,0.09926605504587156,0.16403361344537817,0.37304115329654947,0.06545195756546984
RGB+HSV,18,euclidean,zscore,flowers,100,0.718,0.647,0.5525,0.03626262626262626,0.06535353535353536,0.11161616161616163,0.06903846153846153,0.11871559633027523,0.18571428571428572,0.3408525516738496,-0.09068729232411493
RGB+HSV,18,euclidean,zscore,food,100,0.652,0.615,0.5515,0.03292929292929293,0.06212121212121212,0.11141414141414142,0.06269230769230769,0.11284403669724771,0.18537815126050422,0.32700152262351895,0.08584906366204859
RGB+HSV,18,euclidean,zscore,horses,100,0.922,0.89,0.8345,0.04656565656565657,0.0898989898989899,0.1685858585858586,0.08865384615384615,0.163302752293578,0.2805042016806723,0.5960901765617836,0.17212251628130132
RGB+HSV,18,euclidean,zscore,mountains,100,0.43800000000000006,0.392,0.364,0.022121212121212125,0.0395959595959596,0.07353535353535354,0.04211538461538462,0.07192660550458715,0.1223529411764706,0.2572896112013823,0.0550748034276497
RGB+HSV,18,manhattan,none,africa,100,0.5660000000000001,0.55,0.511,0.028585858585858586,0.05555555555555555,0.10323232323232323,0.05442307692307693,0.10091743119266056,0.17176470588235293,0.373871935051902,0.05706614787471381
RGB+HSV,18,manhattan,none,beach,100,0.46,0.424,0.379,0.023232323232323236,0.042828282828282827,0.07656565656565656,0.04423076923076923,0.07779816513761469,0.12739495798319328,0.27291799075090595,0.022722757586989717
RGB+HSV,18,manhattan,none,buildings,100,0.402,0.32,0.29100000000000004,0.020303030303030302,0.03232323232323232,0.05878787878787879,0.03865384615384616,0.05871559633027523,0.09781512605042017,0.18292795030822667,0.0322209572466029
RGB+HSV,18,manhattan,none,buses,100,0.6579999999999999,0.629,0.5715,0.03323232323232324,0.06353535353535354,0.11545454545454545,0.06326923076923077,0.11541284403669726,0.19210084033613445,0.40402101836862486,0.143462685472931
RGB+HSV,18,manhattan,none,dinosaurs,100,0.986,0.987,0.99,0.0497979797979798,0.09969696969696969,0.2,0.0948076923076923,0.18110091743119267,0.3327731092436975,0.9259320562581044,-0.05926422642713958
RGB+HSV,18,manhattan,none,elephants,100,0.528,0.488,0.44049999999999995,0.02666666666666667,0.04929292929292929,0.088989898989899,0.05076923076923077,0.08954128440366972,0.1480672268907563,0.32847744350204733,0.020888247770967705
RGB+HSV,18,manhattan,none,flowers,100,0.72,0.6609999999999999,0.5755,0.03636363636363636,0.06676767676767677,0.11626262626262626,0.06923076923076922,0.12128440366972476,0.1934453781512605,0.34550377687777534,-0.08603606712018919
RGB+HSV,18,manhattan,none,food,100,0.534,0.47200000000000003,0.4075,0.026969696969696973,0.04767676767676768,0.08232323232323231,0.05134615384615385,0.08660550458715596,0.1369747899159664,0.2498070241447107,0.008654565183240343
RGB+HSV,18,manhattan,none,horses,100,0.862,0.835,0.7759999999999999,0.04353535353535354,0.08434343434343435,0.15676767676767678,0.08288461538461539,0.15321100917431194,0.2608403361344538,0.4969234306072659,0.07295577032678358
RGB+HSV,18,manhattan,none,mountains,100,0.418,0.38799999999999996,0.35950000000000004,0.021111111111111112,0.039191919191919194,0.07262626262626264,0.040192307692307694,0.07119266055045873,0.12084033613445377,0.279017823638958,0.07680301586522542
RGB+HSV,18,manhattan,zscore,africa,100,0.632,0.578,0.5465,0.031919191919191924,0.058383838383838385,0.11040404040404042,0.06076923076923077,0.10605504587155963,0.18369747899159664,0.40191312346455305,0.08510733628736483
RGB+HSV,18,manhattan,zscore,beach,100,0.52,0.48200000000000004,0.44800000000000006,0.026262626262626262,0.04868686868686869,0.0905050505050505,0.05,0.08844036697247708,0.15058823529411763,0.30013894037743105,0.04994370721351482
RGB+HSV,18,manhattan,zscore,buildings,100,0.44,0.402,0.34850000000000003,0.022222222222222223,0.040606060606060604,0.07040404040404041,0.04230769230769231,0.07376146788990826,0.11714285714285716,0.21071389336162338,0.06000690029999961
RGB+HSV,18,manhattan,zscore,buses,100,0.738,0.715,0.672,0.03727272727272728,0.07222222222222223,0.13575757575757577,0.07096153846153846,0.13119266055045872,0.22588235294117648,0.5067878819841106,0.24622954908841677
RGB+HSV,18,manhattan,zscore,dinosaurs,100,0.982,0.98,0.9784999999999999,0.049595959595959596,0.098989898989899,0.19767676767676767,0.09442307692307692,0.1798165137614679,0.3289075630252101,0.9467049806852214,-0.0384913020000226
RGB+HSV,18,manhattan,zscore,elephants,100,0.628,0.565,0.49700000000000005,0.03171717171717172,0.05707070707070708,0.10040404040404041,0.060384615384615384,0.1036697247706422,0.1670588235294118,0.37601615353262446,0.06842695780154484
RGB+HSV,18,manhattan,zscore,flowers,100,0.738,0.6779999999999999,0.588,0.03727272727272728,0.06848484848484848,0.11878787878787879,0.07096153846153846,0.12440366972477065,0.19764705882352943,0.3674260135002762,-0.06411383049768832
RGB+HSV,18,manhattan,zscore,food,100,0.6459999999999999,0.604,0.5425,0.03262626262626263,0.061010101010101014,0.10959595959595961,0.062115384615384614,0.11082568807339449,0.18235294117647058,0.31375859116590765,0.07260613220443729
RGB+HSV,18,manhattan,zscore,horses,100,0.9159999999999999,0.8809999999999999,0.8370000000000001,0.04626262626262626,0.088989898989899,0.1690909090909091,0.08807692307692307,0.161651376146789,0.2813445378151261,0.5618727919019573,0.13790513162147494
RGB+HSV,18,manhattan,zscore,mountains,100,0.43200000000000005,0.389,0.34700000000000003,0.02181818181818182,0.039292929292929296,0.07010101010101011,0.041538461538461545,0.07137614678899083,0.11663865546218488,0.24395036403256792,0.04173555625883535
RGB+HSV+LAB,27,cosine,none,africa,100,0.604,0.5710000000000001,0.5215,0.030505050505050507,0.05767676767676768,0.10535353535353537,0.058076923076923075,0.10477064220183487,0.17529411764705885,0.3921008902154161,0.0752951030382279
RGB+HSV+LAB,27,cosine,none,beach,100,0.38,0.33399999999999996,0.306,0.019191919191919194,0.03373737373737374,0.061818181818181814,0.03653846153846154,0.06128440366972478,0.10285714285714287,0.2234799250464353,-0.026715308117480935
RGB+HSV+LAB,27,cosine,none,buildings,100,0.41,0.33899999999999997,0.274,0.02070707070707071,0.03424242424242424,0.055353535353535356,0.03942307692307692,0.06220183486238533,0.09210084033613447,0.16268053022800433,0.011973537166380555
RGB+HSV+LAB,27,cosine,none,buses,100,0.61,0.595,0.542,0.03080808080808081,0.060101010101010106,0.10949494949494949,0.05865384615384615,0.10917431192660551,0.18218487394957983,0.35517126577219477,0.09461293287650091
RGB+HSV+LAB,27,cosine,none,dinosaurs,100,0.9840000000000001,0.973,0.9665,0.0496969696969697,0.09828282828282829,0.19525252525252526,0.0946153846153846,0.17853211009174313,0.324873949579832,0.7458702425539896,-0.23932604013125436
RGB+HSV+LAB,27,cosine,none,elephants,100,0.534,0.46299999999999997,0.4165,0.026969696969696973,0.046767676767676764,0.08414141414141413,0.05134615384615385,0.08495412844036698,0.14,0.3177549181582833,0.01016572242720365
RGB+HSV+LAB,27,cosine,none,flowers,100,0.7440000000000001,0.66,0.5539999999999999,0.037575757575757575,0.06666666666666667,0.11191919191919192,0.07153846153846154,0.12110091743119267,0.186218487394958,0.2892070280567341,-0.14233281594123043
RGB+HSV+LAB,27,cosine,none,food,100,0.5539999999999999,0.485,0.4115,0.02797979797979798,0.048989898989898986,0.08313131313131313,0.05326923076923076,0.08899082568807339,0.13831932773109246,0.25556149336873685,0.014409034407266486
RGB+HSV+LAB,27,cosine,none,horses,100,0.8859999999999999,0.8320000000000001,0.7555,0.04474747474747475,0.08404040404040405,0.15262626262626264,0.08519230769230768,0.1526605504587156,0.2539495798319328,0.41939954417442815,-0.004568116106054176
RGB+HSV+LAB,27,cosine,none,mountains,100,0.43,0.391,0.358,0.021717171717171718,0.03949494949494949,0.07232323232323233,0.04134615384615385,0.07174311926605505,0.12033613445378151,0.2823756706087526,0.08016086283502005
RGB+HSV+LAB,27,cosine,zscore,africa,100,0.606,0.58,0.539,0.030606060606060605,0.05858585858585859,0.1088888888888889,0.05826923076923077,0.10642201834862386,0.1811764705882353,0.3756958595237977,0.05889007234660948
RGB+HSV+LAB,27,cosine,zscore,beach,100,0.53,0.488,0.433,0.02676767676767677,0.04929292929292929,0.08747474747474747,0.05096153846153846,0.08954128440366972,0.14554621848739496,0.29036237461362246,0.040167141449706234
RGB+HSV+LAB,27,cosine,zscore,buildings,100,0.564,0.505,0.42700000000000005,0.028484848484848488,0.05101010101010101,0.08626262626262626,0.054230769230769235,0.0926605504587156,0.14352941176470588,0.22893749260947743,0.07823049954785366
RGB+HSV+LAB,27,cosine,zscore,buses,100,0.762,0.728,0.6940000000000001,0.03848484848484848,0.07353535353535354,0.14020202020202022,0.07326923076923077,0.13357798165137613,0.23327731092436976,0.522473217957561,0.2619148850618671
RGB+HSV+LAB,27,cosine,zscore,dinosaurs,100,0.9840000000000001,0.975,0.972,0.0496969696969697,0.09848484848484848,0.19636363636363638,0.0946153846153846,0.17889908256880735,0.3267226890756303,0.9468973640196287,-0.0382989186656153
RGB+HSV+LAB,27,cosine,zscore,elephants,100,0.662,0.564,0.49200000000000005,0.033434343434343435,0.056969696969696976,0.0993939393939394,0.06365384615384614,0.10348623853211009,0.16537815126050423,0.35321592924347267,0.04562673351239305
RGB+HSV+LAB,27,cosine,zscore,flowers,100,0.83,0.773,0.7084999999999999,0.04191919191919192,0.07808080808080808,0.14313131313131314,0.0798076923076923,0.1418348623853211,0.23815126050420168,0.48583040751306783,0.05429056351510331
RGB+HSV+LAB,27,cosine,zscore,food,100,0.682,0.652,0.593,0.034444444444444444,0.06585858585858585,0.11979797979797979,0.06557692307692307,0.1196330275229358,0.19932773109243698,0.3778770173470059,0.13672455838553554
RGB+HSV+LAB,27,cosine,zscore,horses,100,0.986,0.975,0.9595,0.0497979797979798,0.09848484848484848,0.19383838383838384,0.0948076923076923,0.17889908256880735,0.32252100840336134,0.7906544865517067,0.36668682627122434
RGB+HSV+LAB,27,cosine,zscore,mountains,100,0.484,0.441,0.408,0.024444444444444446,0.04454545454545455,0.08242424242424243,0.04653846153846154,0.08091743119266055,0.13714285714285712,0.2765759444691399,0.07436113669540734
RGB+HSV+LAB,27,euclidean,none,africa,100,0.612,0.5710000000000001,0.5175,0.030909090909090907,0.05767676767676768,0.10454545454545455,0.05884615384615384,0.10477064220183487,0.1739495798319328,0.3815259971785241,0.06472021000133588
RGB+HSV+LAB,27,euclidean,none,beach,100,0.452,0.4,0.36,0.02282828282828283,0.04040404040404041,0.07272727272727272,0.04346153846153847,0.07339449541284404,0.12100840336134454,0.2611344044802822,0.010939171316365959
RGB+HSV+LAB,27,euclidean,none,buildings,100,0.43200000000000005,0.34299999999999997,0.2945,0.02181818181818182,0.03464646464646465,0.059494949494949496,0.041538461538461545,0.06293577981651376,0.09899159663865546,0.18097999855082278,0.030273005489199006
RGB+HSV+LAB,27,euclidean,none,buses,100,0.6579999999999999,0.623,0.5605,0.03323232323232323,0.06292929292929293,0.11323232323232324,0.06326923076923077,0.11431192660550459,0.18840336134453783,0.36046975700096345,0.0999114241052696
RGB+HSV+LAB,27,euclidean,none,dinosaurs,100,0.99,0.988,0.9895,0.05,0.09979797979797979,0.1998989898989899,0.09519230769230769,0.18128440366972476,0.33260504201680674,0.8209920886066594,-0.16420419407858455
RGB+HSV+LAB,27,euclidean,none,elephants,100,0.542,0.49200000000000005,0.4525,0.027373737373737373,0.0496969696969697,0.09141414141414142,0.05211538461538462,0.09027522935779818,0.15210084033613447,0.3331141382572802,0.025524942526200578
RGB+HSV+LAB,27,euclidean,none,flowers,100,0.72,0.655,0.546,0.03636363636363636,0.06616161616161616,0.1103030303030303,0.06923076923076922,0.1201834862385321,0.1835294117647059,0.2932333475856758,-0.1383064964122887
RGB+HSV+LAB,27,euclidean,none,food,100,0.546,0.478,0.413,0.027575757575757576,0.04828282828282829,0.08343434343434344,0.0525,0.08770642201834862,0.1388235294117647,0.25279226697611346,0.011639808014643094
RGB+HSV+LAB,27,euclidean,none,horses,100,0.8959999999999999,0.848,0.7845,0.04525252525252525,0.08565656565656565,0.15848484848484848,0.08615384615384615,0.15559633027522937,0.2636974789915967,0.4949052595766238,0.07093759929614146
RGB+HSV+LAB,27,euclidean,none,mountains,100,0.442,0.406,0.37200000000000005,0.02232323232323232,0.04101010101010101,0.07515151515151515,0.0425,0.0744954128440367,0.1250420168067227,0.2907463927540037,0.08853158498027114
RGB+HSV+LAB,27,euclidean,zscore,africa,100,0.6659999999999999,0.639,0.5954999999999999,0.03363636363636364,0.06454545454545454,0.12030303030303031,0.06403846153846153,0.11724770642201834,0.20016806722689076,0.4435800590191554,0.1267742718419672
RGB+HSV+LAB,27,euclidean,zscore,beach,100,0.544,0.491,0.455,0.027474747474747475,0.0495959595959596,0.09191919191919191,0.052307692307692305,0.09009174311926607,0.15294117647058825,0.32465592109291824,0.07446068792900201
RGB+HSV+LAB,27,euclidean,zscore,buildings,100,0.538,0.48100000000000004,0.40850000000000003,0.02717171717171717,0.04858585858585859,0.08252525252525253,0.05173076923076923,0.08825688073394496,0.1373109243697479,0.2427001269618817,0.09199313390025793
RGB+HSV+LAB,27,euclidean,zscore,buses,100,0.764,0.72,0.6629999999999999,0.038585858585858585,0.07272727272727272,0.13393939393939394,0.07346153846153845,0.13211009174311927,0.22285714285714284,0.4949114259600032,0.23435309306430935
RGB+HSV+LAB,27,euclidean,zscore,dinosaurs,100,0.99,0.977,0.9745,0.05,0.09868686868686868,0.19686868686868686,0.09519230769230769,0.1792660550458716,0.32756302521008407,0.9366622346592156,-0.04853404802602834
RGB+HSV+LAB,27,euclidean,zscore,elephants,100,0.69,0.608,0.5485,0.03484848484848485,0.06141414141414142,0.11080808080808081,0.06634615384615385,0.11155963302752295,0.1843697478991597,0.4182939189992141,0.11070472326813446
RGB+HSV+LAB,27,euclidean,zscore,flowers,100,0.792,0.731,0.636,0.04,0.07383838383838384,0.12848484848484848,0.07615384615384616,0.13412844036697247,0.21378151260504205,0.3723400958597826,-0.05919974813818191
RGB+HSV+LAB,27,euclidean,zscore,food,100,0.7020000000000001,0.6609999999999999,0.604,0.035454545454545454,0.06676767676767677,0.12202020202020203,0.0675,0.12128440366972476,0.2030252100840336,0.373589189497393,0.13243673053592264
RGB+HSV+LAB,27,euclidean,zscore,horses,100,0.97,0.951,0.9265000000000001,0.048989898989898986,0.09606060606060605,0.18717171717171716,0.09326923076923077,0.17449541284403672,0.31142857142857144,0.7207329063584881,0.29676524607800575
RGB+HSV+LAB,27,euclidean,zscore,mountains,100,0.462,0.441,0.39899999999999997,0.023333333333333334,0.04454545454545455,0.08060606060606061,0.044423076923076926,0.08091743119266055,0.13411764705882354,0.2827678009795326,0.0805529932058
RGB+HSV+LAB,27,manhattan,none,africa,100,0.626,0.583,0.544,0.03161616161616162,0.05888888888888889,0.1098989898989899,0.06019230769230769,0.10697247706422018,0.18285714285714286,0.39796606398451473,0.08116027680732651
RGB+HSV+LAB,27,manhattan,none,beach,100,0.47600000000000003,0.436,0.3945,0.02404040404040404,0.04404040404040404,0.0796969696969697,0.04576923076923076,0.08,0.13260504201680673,0.27742803378925424,0.027232800625338005
RGB+HSV+LAB,27,manhattan,none,buildings,100,0.468,0.395,0.331,0.023636363636363636,0.0398989898989899,0.06686868686868687,0.045,0.07247706422018349,0.11126050420168067,0.20237204602991146,0.05166505296828769
RGB+HSV+LAB,27,manhattan,none,buses,100,0.672,0.639,0.5905,0.03393939393939394,0.06454545454545454,0.11929292929292928,0.06461538461538462,0.11724770642201836,0.1984873949579832,0.4176561351542382,0.15709780225854436
RGB+HSV+LAB,27,manhattan,none,dinosaurs,100,0.99,0.9890000000000001,0.9925,0.05,0.09989898989898989,0.2005050505050505,0.09519230769230769,0.18146788990825688,0.3336134453781513,0.9457252621676401,-0.03947102051760387
RGB+HSV+LAB,27,manhattan,none,elephants,100,0.6,0.536,0.4885,0.030303030303030304,0.05414141414141414,0.09868686868686868,0.05769230769230769,0.09834862385321101,0.16420168067226892,0.3618687187240872,0.05427952299300759
RGB+HSV+LAB,27,manhattan,none,flowers,100,0.774,0.703,0.599,0.03909090909090909,0.07101010101010101,0.121010101010101,0.07442307692307691,0.12899082568807338,0.20134453781512604,0.3656645467900364,-0.06587529720792812
RGB+HSV+LAB,27,manhattan,none,food,100,0.59,0.528,0.46399999999999997,0.029797979797979796,0.05333333333333333,0.09373737373737373,0.05673076923076923,0.09688073394495414,0.15596638655462183,0.2753749312325926,0.03422247227112224
RGB+HSV+LAB,27,manhattan,none,horses,100,0.938,0.91,0.847,0.047373737373737373,0.09191919191919191,0.1711111111111111,0.09019230769230768,0.1669724770642202,0.2847058823529412,0.553177637551565,0.1292099772710827
RGB+HSV+LAB,27,manhattan,none,mountains,100,0.456,0.42,0.386,0.023030303030303033,0.04242424242424242,0.07797979797979798,0.04384615384615385,0.07706422018348624,0.12974789915966387,0.29143307629612925,0.08921826852239667
RGB+HSV+LAB,27,manhattan,zscore,africa,100,0.6659999999999999,0.632,0.601,0.03363636363636364,0.06383838383838385,0.12141414141414142,0.06403846153846153,0.11596330275229358,0.20201680672268907,0.43796492324963926,0.12115913607245105
RGB+HSV+LAB,27,manhattan,zscore,beach,100,0.544,0.49700000000000005,0.462,0.027474747474747475,0.050202020202020206,0.09333333333333334,0.052307692307692305,0.09119266055045872,0.15529411764705883,0.3150644216575466,0.06486918849363038
RGB+HSV+LAB,27,manhattan,zscore,buildings,100,0.534,0.47,0.41850000000000004,0.026969696969696973,0.047474747474747475,0.08454545454545455,0.05134615384615385,0.08623853211009175,0.14067226890756301,0.2433778216288162,0.09267082856719241
RGB+HSV+LAB,27,manhattan,zscore,buses,100,0.768,0.718,0.67,0.03878787878787879,0.07252525252525252,0.13535353535353534,0.07384615384615384,0.13174311926605506,0.22521008403361345,0.4893091558097775,0.22875082291408366
RGB+HSV+LAB,27,manhattan,zscore,dinosaurs,100,0.988,0.987,0.9815,0.049898989898989894,0.09969696969696969,0.19828282828282828,0.095,0.18110091743119267,0.3299159663865547,0.9582767266710593,-0.02691955601418461
RGB+HSV+LAB,27,manhattan,zscore,elephants,100,0.698,0.606,0.5515,0.03525252525252526,0.06121212121212121,0.11141414141414142,0.06711538461538462,0.11119266055045872,0.18537815126050422,0.4165070358241506,0.10891784009307098
RGB+HSV+LAB,27,manhattan,zscore,flowers,100,0.816,0.7490000000000001,0.6475,0.041212121212121214,0.07565656565656566,0.13080808080808082,0.07846153846153846,0.13743119266055046,0.21764705882352942,0.3869868688088372,-0.04455297518912732
RGB+HSV+LAB,27,manhattan,zscore,food,100,0.698,0.659,0.6,0.03525252525252526,0.06656565656565656,0.12121212121212122,0.06711538461538462,0.12091743119266056,0.20168067226890757,0.3562901449998675,0.11513768603839714
RGB+HSV+LAB,27,manhattan,zscore,horses,100,0.97,0.943,0.909,0.048989898989898986,0.09525252525252526,0.18363636363636363,0.09326923076923077,0.1730275229357798,0.305546218487395,0.6655203202859619,0.24155266000547954
RGB+HSV+LAB,27,manhattan,zscore,mountains,100,0.458,0.434,0.39549999999999996,0.02313131313131313,0.04383838383838384,0.0798989898989899,0.04403846153846154,0.07963302752293579,0.13294117647058823,0.26892514140831525,0.06671033363458267
RGB+LAB,18,cosine,none,africa,100,0.614,0.5870000000000001,0.5315,0.031010101010101012,0.05929292929292929,0.10737373737373737,0.05903846153846154,0.10770642201834862,0.17865546218487396,0.3694150043286297,0.05260921715144151
RGB+LAB,18,cosine,none,beach,100,0.37200000000000005,0.348,0.304,0.018787878787878787,0.03515151515151515,0.06141414141414142,0.03576923076923077,0.06385321100917431,0.10218487394957984,0.21328341822981664,-0.03691181493409959
RGB+LAB,18,cosine,none,buildings,100,0.414,0.348,0.287,0.02090909090909091,0.03515151515151515,0.057979797979797985,0.03980769230769231,0.06385321100917432,0.09647058823529413,0.16134845657786825,0.010641463516244482
RGB+LAB,18,cosine,none,buses,100,0.5539999999999999,0.493,0.4115,0.02797979797979798,0.0497979797979798,0.08313131313131313,0.05326923076923076,0.09045871559633029,0.13831932773109246,0.26626275857454934,0.005704425678855485
RGB+LAB,18,cosine,none,dinosaurs,100,0.986,0.982,0.9790000000000001,0.0497979797979798,0.09919191919191919,0.19777777777777777,0.0948076923076923,0.18018348623853211,0.3290756302521009,0.9459072288079378,-0.03928905387730619
RGB+LAB,18,cosine,none,elephants,100,0.604,0.5329999999999999,0.4595,0.030505050505050507,0.05383838383838384,0.09282828282828284,0.058076923076923075,0.09779816513761468,0.15445378151260505,0.32220944964726345,0.014620253916183823
RGB+LAB,18,cosine,none,flowers,100,0.74,0.6890000000000001,0.622,0.03737373737373737,0.0695959595959596,0.12565656565656566,0.07115384615384615,0.12642201834862385,0.20907563025210085,0.4013334718074465,-0.030206372190518027
RGB+LAB,18,cosine,none,food,100,0.628,0.6,0.5125,0.03171717171717172,0.06060606060606061,0.10353535353535354,0.060384615384615384,0.11009174311926605,0.1722689075630252,0.26419571564735983,0.02304325668588947
RGB+LAB,18,cosine,none,horses,100,0.94,0.907,0.8440000000000001,0.047474747474747475,0.09161616161616161,0.17050505050505052,0.09038461538461538,0.16642201834862388,0.28369747899159664,0.4353462761538698,0.011378615873387454
RGB+LAB,18,cosine,none,mountains,100,0.39399999999999996,0.358,0.3345,0.019898989898989902,0.036161616161616165,0.06757575757575758,0.037884615384615385,0.06568807339449542,0.11243697478991597,0.21476304976959043,0.012548241995857856
RGB+LAB,18,cosine,zscore,africa,100,0.512,0.47600000000000003,0.429,0.025858585858585862,0.04808080808080808,0.08666666666666666,0.04923076923076923,0.08733944954128442,0.1442016806722689,0.30336968975505507,-0.013436097422133142
RGB+LAB,18,cosine,zscore,beach,100,0.5,0.462,0.42200000000000004,0.025252525252525256,0.04666666666666667,0.08525252525252526,0.04807692307692307,0.08477064220183486,0.14184873949579832,0.2823286571865114,0.03213342402259517
RGB+LAB,18,cosine,zscore,buildings,100,0.54,0.48,0.384,0.027272727272727275,0.048484848484848485,0.07757575757575758,0.051923076923076926,0.08807339449541285,0.12907563025210084,0.21632932748451406,0.06562233442289028
RGB+LAB,18,cosine,zscore,buses,100,0.6659999999999999,0.637,0.5710000000000001,0.03363636363636364,0.06434343434343434,0.11535353535353535,0.06403846153846153,0.11688073394495413,0.1919327731092437,0.4094729245905696,0.14891459169487575
RGB+LAB,18,cosine,zscore,dinosaurs,100,0.9840000000000001,0.976,0.9670000000000001,0.0496969696969697,0.09858585858585858,0.19535353535353536,0.0946153846153846,0.17908256880733944,0.32504201680672273,0.9428033103266981,-0.04239297235854589
RGB+LAB,18,cosine,zscore,elephants,100,0.684,0.58,0.5015,0.034545454545454546,0.05858585858585859,0.10131313131313131,0.06576923076923076,0.10642201834862386,0.16857142857142857,0.353637422140558,0.046048226409478366
RGB+LAB,18,cosine,zscore,flowers,100,0.84,0.789,0.7190000000000001,0.04242424242424242,0.0796969696969697,0.14525252525252524,0.08076923076923076,0.14477064220183486,0.24168067226890755,0.500761717279961,0.06922187328199647
RGB+LAB,18,cosine,zscore,food,100,0.682,0.626,0.5670000000000001,0.034444444444444444,0.06323232323232324,0.11454545454545455,0.06557692307692307,0.11486238532110091,0.19058823529411764,0.33423944141105394,0.09308698244958358
RGB+LAB,18,cosine,zscore,horses,100,0.976,0.9670000000000001,0.955,0.04929292929292929,0.09767676767676768,0.19292929292929295,0.09384615384615383,0.17743119266055046,0.3210084033613445,0.7891281578613862,0.3651604975809039
RGB+LAB,18,cosine,zscore,mountains,100,0.4,0.366,0.3455,0.020202020202020204,0.03696969696969697,0.0697979797979798,0.038461538461538464,0.0671559633027523,0.1161344537815126,0.23947957923240726,0.037264771458674684
RGB+LAB,18,euclidean,none,africa,100,0.5720000000000001,0.515,0.4775,0.028888888888888888,0.05202020202020202,0.09646464646464648,0.055,0.0944954128440367,0.16050420168067225,0.3422268784702493,0.025421091293061082
RGB+LAB,18,euclidean,none,beach,100,0.466,0.419,0.38299999999999995,0.023535353535353538,0.042323232323232325,0.07737373737373737,0.044807692307692305,0.07688073394495414,0.12873949579831934,0.2540395037633475,0.0038442705994312654
RGB+LAB,18,euclidean,none,buildings,100,0.392,0.332,0.268,0.0197979797979798,0.033535353535353536,0.05414141414141414,0.0376923076923077,0.060917431192660555,0.09008403361344537,0.16263843716348161,0.011931444101857841
RGB+LAB,18,euclidean,none,buses,100,0.524,0.505,0.425,0.026464646464646465,0.05101010101010101,0.08585858585858587,0.05038461538461538,0.0926605504587156,0.14285714285714288,0.27329238189609434,0.012734049000400482
RGB+LAB,18,euclidean,none,dinosaurs,100,0.9940000000000001,0.9890000000000001,0.988,0.0502020202020202,0.09989898989898989,0.19959595959595958,0.09557692307692306,0.1814678899082569,0.33210084033613446,0.9857110088366052,0.0005147261513612778
RGB+LAB,18,euclidean,none,elephants,100,0.59,0.516,0.4525,0.029797979797979803,0.05212121212121212,0.09141414141414142,0.05673076923076923,0.09467889908256881,0.15210084033613447,0.33026651031218646,0.022677314581106833
RGB+LAB,18,euclidean,none,flowers,100,0.754,0.7120000000000001,0.625,0.038080808080808076,0.07191919191919192,0.12626262626262627,0.0725,0.1306422018348624,0.21008403361344538,0.43404867453167756,0.0025088305337130357
RGB+LAB,18,euclidean,none,food,100,0.638,0.574,0.48,0.03222222222222222,0.057979797979797985,0.09696969696969697,0.06134615384615384,0.10532110091743119,0.16134453781512603,0.2556212628083787,0.014468803846908351
RGB+LAB,18,euclidean,none,horses,100,0.93,0.889,0.8275,0.046969696969696974,0.0897979797979798,0.16717171717171717,0.08942307692307691,0.1631192660550459,0.2781512605042017,0.4676779481411182,0.043710287860635855
RGB+LAB,18,euclidean,none,mountains,100,0.37200000000000005,0.34600000000000003,0.314,0.018787878787878787,0.03494949494949495,0.06343434343434344,0.03576923076923077,0.06348623853211009,0.10554621848739495,0.21287230460768078,0.010657496833948205
RGB+LAB,18,euclidean,zscore,africa,100,0.5920000000000001,0.5770000000000001,0.529,0.0298989898989899,0.05828282828282829,0.10686868686868686,0.05692307692307692,0.10587155963302752,0.17781512605042019,0.3958864001221716,0.07908061294498336
RGB+LAB,18,euclidean,zscore,beach,100,0.516,0.47700000000000004,0.4425,0.02606060606060606,0.04818181818181819,0.0893939393939394,0.04961538461538462,0.08752293577981651,0.14873949579831933,0.3101335748776089,0.05993834171369267
RGB+LAB,18,euclidean,zscore,buildings,100,0.496,0.446,0.359,0.025050505050505052,0.04505050505050505,0.07252525252525252,0.047692307692307694,0.0818348623853211,0.12067226890756302,0.21904168299070834,0.06833468992908456
RGB+LAB,18,euclidean,zscore,buses,100,0.67,0.609,0.5455000000000001,0.03383838383838384,0.061515151515151516,0.1102020202020202,0.06442307692307693,0.11174311926605504,0.1833613445378151,0.3817515112559917,0.12119317836029786
RGB+LAB,18,euclidean,zscore,dinosaurs,100,0.9840000000000001,0.982,0.9790000000000001,0.0496969696969697,0.09919191919191919,0.19777777777777777,0.0946153846153846,0.18018348623853211,0.3290756302521009,0.945134352575074,-0.0400619301101699
RGB+LAB,18,euclidean,zscore,elephants,100,0.6859999999999999,0.618,0.5485,0.03464646464646465,0.062424242424242424,0.11080808080808081,0.06596153846153846,0.11339449541284403,0.1843697478991597,0.4064702677758639,0.0988810720447843
RGB+LAB,18,euclidean,zscore,flowers,100,0.816,0.747,0.667,0.041212121212121214,0.07545454545454545,0.13474747474747473,0.07846153846153846,0.13706422018348624,0.22420168067226892,0.4097861446879233,-0.02175369931004123
RGB+LAB,18,euclidean,zscore,food,100,0.6960000000000001,0.637,0.568,0.03515151515151515,0.06434343434343434,0.11474747474747476,0.06692307692307692,0.11688073394495413,0.19092436974789917,0.34199604233269537,0.10084358337122501
RGB+LAB,18,euclidean,zscore,horses,100,0.968,0.946,0.9309999999999999,0.048888888888888885,0.09555555555555556,0.18808080808080807,0.09307692307692307,0.17357798165137617,0.3129411764705883,0.727019928766087,0.3030522684856047
RGB+LAB,18,euclidean,zscore,mountains,100,0.384,0.375,0.3395,0.019393939393939394,0.03787878787878788,0.06858585858585858,0.036923076923076927,0.06880733944954129,0.11411764705882353,0.24723477969127694,0.045019971917544366
RGB+LAB,18,manhattan,none,africa,100,0.57,0.5329999999999999,0.5,0.02878787878787879,0.05383838383838384,0.10101010101010101,0.05480769230769231,0.09779816513761468,0.16806722689075632,0.3497501827170874,0.032944395539899196
RGB+LAB,18,manhattan,none,beach,100,0.474,0.446,0.397,0.02393939393939394,0.04505050505050505,0.0802020202020202,0.04557692307692308,0.0818348623853211,0.1334453781512605,0.26324139068321156,0.013046157519295332
RGB+LAB,18,manhattan,none,buildings,100,0.406,0.366,0.2955,0.020505050505050505,0.03696969696969697,0.0596969696969697,0.03903846153846154,0.0671559633027523,0.09932773109243698,0.17925513577144037,0.028548142709816593
RGB+LAB,18,manhattan,none,buses,100,0.5920000000000001,0.531,0.4625,0.0298989898989899,0.053636363636363635,0.09343434343434344,0.05692307692307692,0.09743119266055046,0.15546218487394958,0.3124714833647509,0.051913150469057034
RGB+LAB,18,manhattan,none,dinosaurs,100,0.992,0.987,0.99,0.050101010101010104,0.09969696969696969,0.2,0.09538461538461539,0.18110091743119267,0.3327731092436975,0.9822705286991428,-0.002925753986101176
RGB+LAB,18,manhattan,none,elephants,100,0.616,0.534,0.48950000000000005,0.03111111111111111,0.05393939393939395,0.09888888888888889,0.05923076923076923,0.0979816513761468,0.1645378151260504,0.36076323829535617,0.05317404256427655
RGB+LAB,18,manhattan,none,flowers,100,0.778,0.7240000000000001,0.638,0.039292929292929296,0.07313131313131313,0.1288888888888889,0.07480769230769231,0.1328440366972477,0.21445378151260505,0.44000150603882376,0.008461662040859241
RGB+LAB,18,manhattan,none,food,100,0.64,0.595,0.5095000000000001,0.03232323232323232,0.060101010101010106,0.10292929292929293,0.061538461538461535,0.10917431192660551,0.17126050420168068,0.2757732574577001,0.03462079849622973
RGB+LAB,18,manhattan,none,horses,100,0.958,0.919,0.8634999999999999,0.04838383838383838,0.09282828282828282,0.17444444444444443,0.09211538461538461,0.1686238532110092,0.29025210084033615,0.5077952147346552,0.08382755445417284
RGB+LAB,18,manhattan,none,mountains,100,0.38800000000000007,0.349,0.312,0.019595959595959597,0.03525252525252526,0.06303030303030303,0.037307692307692306,0.06403669724770643,0.10487394957983193,0.2201785343963066,0.017963726622574033
RGB+LAB,18,manhattan,zscore,africa,100,0.604,0.5720000000000001,0.531,0.030505050505050507,0.057777777777777775,0.10727272727272727,0.058076923076923075,0.10495412844036699,0.1784873949579832,0.38575660964342956,0.06895082246624135
RGB+LAB,18,manhattan,zscore,beach,100,0.52,0.49200000000000005,0.4475,0.026262626262626262,0.0496969696969697,0.0904040404040404,0.05,0.09027522935779818,0.15042016806722688,0.30317240813183133,0.0529771749679151
RGB+LAB,18,manhattan,zscore,buildings,100,0.494,0.44299999999999995,0.364,0.024949494949494954,0.04474747474747475,0.07353535353535354,0.0475,0.08128440366972477,0.1223529411764706,0.22184920140771813,0.07114220834609436
RGB+LAB,18,manhattan,zscore,buses,100,0.664,0.604,0.5515,0.033535353535353536,0.061010101010101014,0.11141414141414142,0.06384615384615384,0.1108256880733945,0.18537815126050422,0.38734800046592205,0.1267896675702282
RGB+LAB,18,manhattan,zscore,dinosaurs,100,0.988,0.986,0.9845,0.049898989898989894,0.0995959595959596,0.1988888888888889,0.095,0.18091743119266057,0.3309243697478992,0.9617344315323586,-0.02346185115288535
RGB+LAB,18,manhattan,zscore,elephants,100,0.6779999999999999,0.598,0.5479999999999999,0.03424242424242424,0.060404040404040404,0.11070707070707071,0.06519230769230769,0.10972477064220185,0.18420168067226894,0.3982848800382802,0.0906956843072006
RGB+LAB,18,manhattan,zscore,flowers,100,0.82,0.76,0.6735,0.04141414141414141,0.07676767676767676,0.13606060606060605,0.07884615384615384,0.13944954128440368,0.22638655462184876,0.42090568012462165,-0.010634163873342872
RGB+LAB,18,manhattan,zscore,food,100,0.684,0.6409999999999999,0.56,0.034545454545454546,0.06474747474747475,0.11313131313131314,0.06576923076923076,0.11761467889908257,0.18823529411764706,0.3280452658778536,0.08689280691638324
RGB+LAB,18,manhattan,zscore,horses,100,0.9620000000000001,0.9470000000000001,0.9225,0.04858585858585858,0.09565656565656566,0.18636363636363637,0.0925,0.17376146788990826,0.3100840336134454,0.6626594033195058,0.23869174303902346
RGB+LAB,18,manhattan,zscore,mountains,100,0.41,0.368,0.345,0.02070707070707071,0.03717171717171717,0.0696969696969697,0.03942307692307692,0.06752293577981652,0.11596638655462184,0.24111558963583554,0.03890078186210297
