category,"RGB baseline (euclidean, none)",RGB,HSV,LAB,RGB+HSV,RGB+LAB,HSV+LAB,RGB+HSV+LAB
africa,0.3168057871771882,0.32539919105649395,0.3588074400644951,0.296949669838535,0.371745819794404,0.3958864001221716,0.3779576508920307,0.3756958595237977
beach,0.25019523316391623,0.2854968180676506,0.2524808591601716,0.2588184073679476,0.2735109627655657,0.3101335748776089,0.28086476086218726,0.29036237461362246
buildings,0.15070699306162377,0.16860163922215335,0.18622062426394298,0.24700510673281187,0.18202136879306735,0.21904168299070834,0.25255661058599044,0.22893749260947743
buses,0.26055833289569386,0.33525074722903214,0.4736087746714063,0.3546610611238652,0.5548117293946939,0.3817515112559917,0.4800553416393298,0.522473217957561
dinosaurs,0.985196282685244,0.9378063387219574,0.8236593408703955,0.9367212004490508,0.9198412661324619,0.945134352575074,0.9287201661220942,0.9468973640196287
elephants,0.3075891957310796,0.31678695327251555,0.30501239153157694,0.3891887116434715,0.28995203539099684,0.4064702677758639,0.38018263418252085,0.35321592924347267
flowers,0.4315398439979645,0.40795569769939766,0.2913356874964915,0.4286373188291015,0.45425338799122933,0.4097861446879233,0.41621838196776795,0.48583040751306783
food,0.24115245896147036,0.2526605715685224,0.33332214926558884,0.34003179972514935,0.35422080462661343,0.34199604233269537,0.3813143919015076,0.3778770173470059
horses,0.42396766028048233,0.5122437047336098,0.6119262005656949,0.8600868138612049,0.6582317588773975,0.727019928766087,0.8271296152374701,0.7906544865517067
mountains,0.20221480777373257,0.19774507406728772,0.27096463262867393,0.2682031113581092,0.2445799442276426,0.24723477969127694,0.30589443252249426,0.2765759444691399
