,africa,beach,buildings,buses,dinosaurs,elephants,flowers,food,horses,mountains
africa,47.5,3.9,11.7,13.0,1.3,7.1,0.9,9.7,2.4,2.5
beach,6.3,42.6,16.6,5.2,0.0,9.8,0.4,0.9,1.6,16.6
buildings,13.4,12.2,27.8,13.5,0.0,9.7,2.7,4.4,2.6,13.7
buses,17.7,4.8,14.0,43.4,0.0,2.5,1.0,6.6,0.0,10.0
dinosaurs,0.0,0.0,0.0,0.0,98.9,0.5,0.0,0.6,0.0,0.0
elephants,11.6,8.0,12.8,2.0,0.8,45.5,0.0,11.2,3.6,4.5
flowers,3.9,1.5,3.2,2.6,0.0,0.5,67.0,15.1,5.4,0.8
food,14.4,1.2,5.0,7.9,1.1,11.1,5.4,52.8,0.4,0.7
horses,4.0,3.2,1.9,0.3,0.0,4.2,0.7,0.3,84.5,0.9
mountains,5.2,20.9,21.4,13.7,0.0,5.8,0.5,0.8,0.9,30.8
