method,feature_dim,distance_metric,normalization,precision_at_5,precision_at_10,precision_at_20,recall_at_5,recall_at_10,recall_at_20,f1_at_5,f1_at_10,f1_at_20,map,num_queries,map_gain,map_gain_pct,precision_at_10_gain,precision_at_10_gain_pct
RGB+HSV+LAB,27,cosine,zscore,0.709,0.6681,0.6226,0.0358080808080808,0.06748484848484847,0.12577777777777777,0.06817307692307693,0.12258715596330275,0.20927731092436977,0.464852009384848,1000,0.10785934981200845,30.21332425744211,0.12730000000000008,23.53920118343197
HSV+LAB,18,cosine,zscore,0.698,0.6554,0.6109,0.03525252525252525,0.06620202020202019,0.1234141414141414,0.06711538461538462,0.12025688073394496,0.20534453781512604,0.4630893985913393,1000,0.10609673901849975,29.719585591885856,0.11460000000000004,21.190828402366876
RGB+HSV+LAB,27,euclidean,zscore,0.7118000000000001,0.67,0.62105,0.035949494949494946,0.06767676767676767,0.12546464646464647,0.06844230769230769,0.12293577981651375,0.20875630252100844,0.4610233679387585,1000,0.10403070836591893,29.140853621583464,0.1292000000000001,23.89053254437872
HSV+LAB,18,manhattan,zscore,0.7123999999999999,0.6699,0.6225499999999999,0.03597979797979798,0.06766666666666665,0.12576767676767675,0.0685,0.12291743119266055,0.2092605042016807,0.45616504943410646,1000,0.09917238986126692,27.77995210880019,0.1291000000000001,23.872041420118364
HSV+LAB,18,euclidean,zscore,0.7038,0.6605999999999999,0.61375,0.03554545454545455,0.06672727272727272,0.12398989898989898,0.06767307692307692,0.12121100917431192,0.2063025210084034,0.4560775361266634,1000,0.09908487655382386,27.755438073260137,0.1197999999999999,22.152366863905307
RGB+HSV+LAB,27,manhattan,zscore,0.714,0.6695,0.6236499999999999,0.036060606060606064,0.06762626262626262,0.12598989898989899,0.06865384615384616,0.12284403669724771,0.20963025210084033,0.45382225603439713,1000,0.09682959646155759,27.123693965421946,0.12870000000000004,23.798076923076934
RGB+LAB,18,euclidean,zscore,0.6808,0.6414000000000001,0.5909,0.03438383838383838,0.06478787878787878,0.11937373737373737,0.06546153846153847,0.1176880733944954,0.19862184873949582,0.4384454685075401,1000,0.08145280893470058,22.816382004090265,0.10060000000000013,18.602071005917185
LAB,9,cosine,zscore,0.6566000000000001,0.6156,0.5726,0.033161616161616156,0.062181818181818185,0.11567676767676768,0.0631346153846154,0.11295412844036695,0.19247058823529414,0.43803032009292464,1000,0.0810376605200851,22.70009154167229,0.07480000000000009,13.83136094674558
RGB+LAB,18,cosine,zscore,0.6784000000000001,0.6359000000000001,0.5861,0.034262626262626265,0.06423232323232324,0.1184040404040404,0.06523076923076924,0.11667889908256879,0.19700840336134456,0.4371550227268715,1000,0.08016236315403197,22.454905165263185,0.09510000000000018,17.58505917159767
LAB,9,euclidean,zscore,0.6658,0.6267,0.5801499999999999,0.03362626262626263,0.0633030303030303,0.11720202020202021,0.06401923076923077,0.11499082568807338,0.19500840336134456,0.43528019403952506,1000,0.07828753446668552,21.92973226966646,0.08590000000000009,15.883875739644989
LAB,9,manhattan,zscore,0.67,0.6333,0.5896500000000001,0.033838383838383834,0.06396969696969697,0.11912121212121213,0.06442307692307693,0.1162018348623853,0.19820168067226893,0.4328662354661002,1000,0.07587357589326066,21.253539494074577,0.09250000000000003,17.104289940828412
RGB+LAB,18,manhattan,zscore,0.6824,0.6411,0.59275,0.03446464646464646,0.06475757575757575,0.11974747474747474,0.06561538461538462,0.11763302752293578,0.19924369747899162,0.43108714701773565,1000,0.0740944874448961,20.755185144017823,0.10030000000000006,18.546597633136106
RGB+HSV,18,cosine,zscore,0.6704000000000001,0.6252000000000001,0.5811499999999999,0.03385858585858585,0.06315151515151515,0.11740404040404039,0.06446153846153846,0.11471559633027521,0.19534453781512603,0.43031690779940723,1000,0.07332424822656769,20.53942742528768,0.08440000000000014,15.606508875739673
RGB+HSV,18,euclidean,zscore,0.6664,0.6257999999999999,0.57925,0.03365656565656566,0.06321212121212122,0.11702020202020202,0.06407692307692306,0.1148256880733945,0.19470588235294117,0.4262944354787606,1000,0.06930177590592107,19.412661310415817,0.08499999999999996,15.71745562130177
RGB+HSV,18,manhattan,zscore,0.6672,0.6274000000000001,0.5805,0.0336969696969697,0.06337373737373737,0.11727272727272728,0.06415384615384616,0.11511926605504587,0.19512605042016806,0.4229282734006273,1000,0.06593561382778773,18.469739379706898,0.08660000000000012,16.01331360946748
LAB,9,manhattan,none,0.6582,0.6225,0.5760500000000001,0.03324242424242423,0.06287878787878788,0.11637373737373737,0.06328846153846153,0.11422018348623854,0.19363025210084037,0.41257730253007074,1000,0.0555846429572312,15.570248145645667,0.0817000000000001,15.10724852071008
RGB+HSV+LAB,27,manhattan,none,0.659,0.6139,0.5637000000000001,0.033282828282828275,0.062010101010101,0.11387878787878787,0.06336538461538462,0.11264220183486238,0.18947899159663864,0.4088666451719969,1000,0.051873985599157346,14.530826953480583,0.07310000000000005,13.517011834319538
LAB,9,euclidean,none,0.6584000000000001,0.6154000000000001,0.5638,0.03325252525252525,0.06216161616161617,0.1138989898989899,0.06330769230769231,0.11291743119266055,0.18951260504201678,0.40170549906241854,1000,0.04471283948957899,12.524862428006294,0.07460000000000011,13.794378698224875
LAB,9,cosine,none,0.6546000000000001,0.6123,0.55875,0.03306060606060606,0.061848484848484854,0.11287878787878787,0.0629423076923077,0.112348623853211,0.1878151260504202,0.39273650805641214,1000,0.03574384848357259,10.012488359380269,0.07150000000000001,13.221153846153848
HSV,9,cosine,zscore,0.6048,0.5718,0.52815,0.030545454545454546,0.05775757575757576,0.10669696969696969,0.05815384615384615,0.10491743119266055,0.17752941176470588,0.39073381005184377,1000,0.03374115047900422,9.45149699138836,0.031000000000000028,5.732248520710065
RGB+LAB,18,manhattan,none,0.6414000000000001,0.5983999999999999,0.54575,0.03239393939393939,0.06044444444444444,0.11025252525252525,0.06167307692307693,0.10979816513761466,0.18344537815126052,0.3891500472158475,1000,0.03215738764300796,9.007856823018704,0.057599999999999985,10.650887573964495
HSV,9,manhattan,zscore,0.618,0.5837,0.5403,0.031212121212121212,0.05895959595959596,0.10915151515151515,0.059423076923076926,0.10710091743119264,0.18161344537815124,0.38676182468251846,1000,0.02976916510967892,8.33887317047339,0.04290000000000005,7.932692307692316
RGB+HSV,18,manhattan,none,0.6134,0.5754000000000001,0.53015,0.03097979797979798,0.058121212121212115,0.1071010101010101,0.058980769230769226,0.10557798165137613,0.17820168067226894,0.3859400449508521,1000,0.028947385378012558,8.10867803630742,0.034600000000000186,6.397928994082875
HSV,9,euclidean,zscore,0.6117999999999999,0.5808,0.5394,0.030898989898989898,0.058666666666666666,0.10896969696969697,0.058826923076923075,0.10656880733944954,0.1813109243697479,0.3842116850700927,1000,0.027219025497253135,7.624533661230493,0.040000000000000036,7.396449704142019
RGB,9,euclidean,zscore,0.5862,0.5430999999999999,0.50605,0.029606060606060604,0.05485858585858586,0.10223232323232323,0.056365384615384616,0.099651376146789,0.17010084033613446,0.37399467356386207,1000,0.017002013991022524,4.762566830188141,0.0022999999999999687,0.42529585798815994
RGB+LAB,18,euclidean,none,0.6232000000000001,0.5797,0.5240499999999999,0.031474747474747475,0.058555555555555555,0.10586868686868686,0.05992307692307692,0.10636697247706423,0.17615126050420168,0.371839491053082,1000,0.014846831480242462,4.158861837105412,0.038900000000000046,7.193047337278116
RGB,9,manhattan,zscore,0.589,0.5435,0.50465,0.029747474747474748,0.0548989898989899,0.10194949494949494,0.05663461538461539,0.09972477064220184,0.16963025210084035,0.37156480496928485,1000,0.014572145396445302,4.081917374402498,0.0027000000000000357,0.49926035502959243
RGB,9,cosine,zscore,0.5906000000000001,0.5530999999999999,0.5044000000000001,0.02982828282828283,0.055868686868686866,0.10189898989898989,0.05678846153846153,0.1014862385321101,0.16954621848739498,0.3687542448130239,1000,0.011761585240184336,3.2946294341899605,0.012299999999999978,2.274408284023665
RGB+HSV+LAB,27,euclidean,none,0.629,0.5804,0.529,0.03176767676767677,0.058626262626262624,0.10686868686868686,0.060480769230769234,0.1064954128440367,0.17781512605042016,0.3669893650966949,1000,0.009996705523855343,2.8002552029548524,0.03960000000000008,7.322485207100607
RGB,9,manhattan,none,0.5814000000000001,0.5415,0.49655,0.029363636363636366,0.054696969696969695,0.10031313131313133,0.05590384615384616,0.09935779816513761,0.1669075630252101,0.3615556390760025,1000,0.004562979503162978,1.278171800121275,0.0007000000000000339,0.1294378698224915
RGB+LAB,18,cosine,none,0.6246,0.5845,0.52855,0.03154545454545455,0.05904040404040404,0.10677777777777778,0.060057692307692305,0.10724770642201834,0.17766386554621852,0.35940648295443317,1000,0.002413823381593627,0.6761549059529385,0.04370000000000007,8.080621301775162
RGB+HSV,18,euclidean,none,0.5973999999999999,0.5592,0.5104500000000001,0.03017171717171717,0.056484848484848485,0.10312121212121213,0.057442307692307695,0.10260550458715596,0.17157983193277312,0.3572823980851997,1000,0.00028973851236013815,0.08116091594343298,0.018400000000000083,3.4023668639053413
RGB,9,euclidean,none,0.5824000000000001,0.5408,0.49310000000000004,0.029414141414141413,0.05462626262626263,0.09961616161616162,0.056,0.09922935779816512,0.16574789915966387,0.35699265957283954,1000,0.0,0.0,0.0,0.0
RGB+HSV+LAB,27,cosine,none,0.6135999999999999,0.5643,0.5105500000000001,0.030989898989898994,0.057,0.10314141414141414,0.059,0.10354128440366972,0.17161344537815126,0.3443601508182975,1000,-0.012632508754542027,-3.5385906168652,0.023500000000000076,4.345414201183447
RGB,9,cosine,none,0.5778000000000001,0.543,0.49689999999999995,0.02918181818181818,0.05484848484848484,0.10038383838383838,0.05555769230769231,0.09963302752293578,0.16702521008403362,0.341351895544654,1000,-0.01564076402818554,-4.381256479307035,0.0022000000000000908,0.4068047337278275
HSV+LAB,18,manhattan,none,0.608,0.5682999999999999,0.5185,0.030707070707070714,0.0574040404040404,0.10474747474747474,0.05846153846153847,0.10427522935779816,0.17428571428571427,0.339359557311574,1000,-0.01763310226126552,-4.9393458908551375,0.02749999999999997,5.085059171597628
RGB+HSV,18,cosine,none,0.5814,0.5383,0.48785,0.029363636363636366,0.05437373737373738,0.09855555555555556,0.05590384615384616,0.09877064220183486,0.16398319327731092,0.3316532768375782,1000,-0.025339382735261318,-7.098012257613704,-0.0024999999999999467,-0.4622781065088659
HSV+LAB,18,cosine,none,0.5792,0.5387000000000001,0.4836,0.029252525252525252,0.054414141414141415,0.09769696969696968,0.055692307692307694,0.0988440366972477,0.16255462184873948,0.29879420123258427,1000,-0.05819845834025528,-16.30242437194445,-0.0020999999999998797,-0.38831360946743343
HSV+LAB,18,euclidean,none,0.5718,0.5282,0.47685,0.028878787878787882,0.05335353535353535,0.09633333333333333,0.054980769230769236,0.09691743119266054,0.16028571428571428,0.2935211002332468,1000,-0.06347155933959275,-17.7795138464583,-0.012599999999999945,-2.329881656804724
HSV,9,euclidean,none,0.3698,0.3478,0.31325,0.018676767676767677,0.03513131313131314,0.06328282828282829,0.035557692307692304,0.0638165137614679,0.10529411764705884,0.21972446045748875,1000,-0.1372681991153508,-38.45126655534021,-0.19299999999999995,-35.6878698224852
HSV,9,manhattan,none,0.36920000000000003,0.35020000000000007,0.31495,0.018646464646464647,0.03537373737373738,0.06362626262626263,0.0355,0.06425688073394495,0.1058655462184874,0.21911759969566602,1000,-0.13787505987717352,-38.62125905954152,-0.19059999999999988,-35.244082840236665
HSV,9,cosine,none,0.23460000000000003,0.2277,0.22025,0.01184848484848485,0.023,0.0444949494949495,0.022557692307692306,0.041779816513761475,0.07403361344537815,0.18960475951095274,1000,-0.1673879000618868,-46.88833105481082,-0.31309999999999993,-57.89571005917159
